사고번호,사고일시,요일,시군구,사고내용,사망자수,중상자수,경상자수,부상신고자수,사고유형,법규위반,노면상태,기상상태,도로형태,가해운전자 차종,가해운전자 성별,가해운전자 연령,가해운전자 상해정도,피해운전자 차종,피해운전자 성별,피해운전자 연령,피해운전자 상해정도,좌표계,X좌표,Y좌표
2021010200100053,2021-01-02 10:00:00,토요일,서울특별시 마포구 구수동,중상사고,0,1,0,0,차대차 - 측면충돌,안전운전불이행,정보없음,맑음,단일로 - 기타,개인형이동수단(PM),남,28,상해없음,이륜,남,49,중상,EPSG:5181,194066.02579262,449747.90669503
2021011000100182,2021-01-10 16:00:00,일요일,서울특별시 서초구 반포동,경상사고,0,0,1,0,차대차 - 측면충돌,불법유턴,정보없음,맑음,교차로 - 교차로부근,개인형이동수단(PM),남,24,경상,승용,남,43,상해없음,EPSG:5181,201601.91336089,445614.34964187
2021011400100148,2021-01-14 10:00:00,목요일,서울특별시 서초구 서초동,부상신고사고,0,0,0,1,차대차 - 기타,안전운전불이행,정보없음,맑음,교차로 - 교차로부근,개인형이동수단(PM),여,24,부상신고,승용,여,39,상해없음,EPSG:5181,200524.55963108,442588.44509583
2021011500100555,2021-01-15 21:00:00,금요일,서울특별시 송파구 송파동,경상사고,0,0,1,0,차대사람 - 보도통행중,안전운전불이행,정보없음,맑음,단일로 - 기타,개인형이동수단(PM),남,26,상해없음,보행자,여,30,경상,EPSG:5181,209569.1932179,445214.50896024
2021011700100198,2021-01-17 18:00:00,일요일,서울특별시 강남구 논현동,경상사고,0,0,1,0,차대사람 - 보도통행중,안전운전불이행,정보없음,맑음,기타 - 기타,개인형이동수단(PM),남,34,상해없음,보행자,여,48,경상,EPSG:5181,202131.5358183,446477.50152318
2021011700100276,2021-01-17 21:00:00,일요일,서울특별시 마포구 서교동,경상사고,0,0,1,0,차대사람 - 기타,안전운전불이행,정보없음,맑음,단일로 - 기타,개인형이동수단(PM),남,20,상해없음,보행자,여,19,경상,EPSG:5181,193126.75661391,450483.19461556
2021011800100231,2021-01-18 16:00:00,월요일,서울특별시 중랑구 면목동,경상사고,0,0,1,0,차대사람 - 기타,신호위반,정보없음,맑음,교차로 - 교차로부근,개인형이동수단(PM),여,49,상해없음,보행자,여,86,경상,EPSG:5181,207440.09823175,454101.73982436
2021012100100066,2021-01-21 08:00:00,목요일,서울특별시 양천구 목동,경상사고,0,0,1,0,차대사람 - 기타,기타,정보없음,맑음,기타 - 기타,개인형이동수단(PM),여,21,상해없음,보행자,여,42,경상,EPSG:5181,188999.70180203,447188.00453673
2021012100100094,2021-01-21 09:00:00,목요일,서울특별시 강남구 역삼동,경상사고,0,0,1,0,차대사람 - 기타,안전운전불이행,정보없음,맑음,단일로 - 기타,개인형이동수단(PM),여,30,상해없음,보행자,여,35,경상,EPSG:5181,202594.98539429,444356.13021042
2021012300100010,2021-01-23 01:00:00,토요일,서울특별시 서대문구 북가좌동,부상신고사고,0,0,0,1,차대차 - 측면충돌,교차로운행방법위반,정보없음,맑음,교차로 - 교차로안,개인형이동수단(PM),남,27,상해없음,승용,남,69,상해없음,EPSG:5181,192026.70791769,453609.53813695
2021012400100234,2021-01-24 18:00:00,일요일,서울특별시 강남구 논현동,경상사고,0,0,1,0,차대차 - 기타,안전운전불이행,정보없음,맑음,단일로 - 기타,개인형이동수단(PM),남,31,경상,승용,남,25,상해없음,EPSG:5181,202349.81686639,445311.20325704
2021012400100324,2021-01-24 21:00:00,일요일,서울특별시 강남구 역삼동,경상사고,0,0,1,0,차대차 - 기타,안전운전불이행cd,정보없음,맑음,교차로 - 교차로횡단보도내,개인형이동수단(PM),남,19,상해없음,이륜,여,52,경상,EPSG:5181,203118.59351414,443903.73274478
2021012500100460,2021-01-25 19:00:00,월요일,서울특별시 서초구 서초동,경상사고,0,0,1,0,차대사람 - 횡단중,보행자보호의무위반,정보없음,맑음,교차로 - 교차로횡단보도내,개인형이동수단(PM),남,40,기타불명,보행자,여,29,경상,EPSG:5181,202489.37057253,444087.4638423
2021012600100293,2021-01-26 15:00:00,화요일,서울특별시 강동구 명일동,경상사고,0,0,1,0,차대차 - 측면충돌,안전운전불이행,정보없음,맑음,단일로 - 기타,개인형이동수단(PM),여,22,상해없음,이륜,남,34,경상,EPSG:5181,212799.86349931,449661.46416866
2021012700100486,2021-01-27 21:00:00,수요일,서울특별시 강서구 방화동,경상사고,0,0,1,0,차대차 - 추돌,안전운전불이행,정보없음,맑음,기타 - 기타,개인형이동수단(PM),남,30,상해없음,자전거,남,38,경상,EPSG:5181,184094.80107235,453969.47014405
2021012900100077,2021-01-29 08:00:00,금요일,서울특별시 송파구 가락동,경상사고,0,0,1,0,차대차 - 측면충돌,안전운전불이행,정보없음,맑음,교차로 - 교차로안,개인형이동수단(PM),남,31,경상,승용,남,42,상해없음,EPSG:5181,211079.92348803,443872.99327353
2021012900100116,2021-01-29 09:00:00,금요일,서울특별시 마포구 동교동,경상사고,0,0,1,0,  차대사람 - 차도통행중,안전운전불이행,정보없음,맑음,교차로 - 교차로안,개인형이동수단(PM),여,29,상해없음,보행자,여,27,경상,EPSG:5181,193156.76708527,451047.57015874
2021012900100298,2021-01-29 15:00:00,금요일,서울특별시 마포구 합정동,중상사고,0,1,1,0,차대사람 - 기타,안전운전불이행,정보없음,맑음,교차로 - 교차로부근,개인형이동수단(PM),여,21,상해없음,보행자,여,26,경상,EPSG:5181,192662.24611444,449793.46119684
2021013000100405,2021-01-30 19:00:00,토요일,서울특별시 송파구 가락동,경상사고,0,0,1,0,차대차 - 기타,안전운전불이행,정보없음,맑음,단일로 - 기타,개인형이동수단(PM),남,31,경상,기타불명,기타불명,,기타불명,EPSG:5181,210980.23148626,443807.4375859
2021013100100256,2021-01-31 18:00:00,일요일,서울특별시 성동구 사근동,경상사고,0,0,1,0,차대차 - 기타,안전운전불이행,정보없음,맑음,단일로 - 기타,개인형이동수단(PM),여,23,경상,승용,남,58,상해없음,EPSG:5181,204034.84601629,451263.50110506
2021020100100284,2021-02-01 17:00:00,월요일,서울특별시 송파구 송파동,부상신고사고,0,0,0,1,차대사람 - 기타,안전운전불이행,정보없음,맑음,단일로 - 기타,개인형이동수단(PM),남,20,상해없음,보행자,여,58,부상신고,EPSG:5181,209548.20665913,445210.39584982
2021020200100281,2021-02-02 16:00:00,화요일,서울특별시 마포구 서교동,부상신고사고,0,0,0,1,차대사람 - 길가장자리구역통행중,안전운전불이행,정보없음,맑음,단일로 - 기타,개인형이동수단(PM),여,31,기타불명,보행자,여,18,부상신고,EPSG:5181,193045.24896177,450196.65161377
2021020200100378,2021-02-02 19:00:00,화요일,서울특별시 강남구 역삼동,경상사고,0,0,1,0,차대차 - 기타,안전운전불이행,정보없음,맑음,단일로 - 기타,개인형이동수단(PM),남,27,상해없음,이륜,남,28,경상,EPSG:5181,203115.57331755,445037.16264239
2021020600100299,2021-02-06 17:00:00,토요일,서울특별시 서대문구 연희동,부상신고사고,0,0,0,1,차대차 - 측면충돌,신호위반,정보없음,흐림,교차로 - 교차로안,개인형이동수단(PM),남,32,부상신고,승용,남,46,상해없음,EPSG:5181,193518.38718914,452837.17872426
2021020600100383,2021-02-06 19:00:00,토요일,서울특별시 송파구 거여동,경상사고,0,0,1,1,차대차 - 측면충돌,안전운전불이행,정보없음,맑음,단일로 - 기타,개인형이동수단(PM),남,24,부상신고,자전거,여,23,경상,EPSG:5181,212472.73483989,444202.52168025
2021020700100003,2021-02-07 00:00:00,일요일,서울특별시 송파구 잠실동,부상신고사고,0,0,0,1,차대차 - 측면충돌,직진우회전진행방해,정보없음,맑음,교차로 - 교차로안,개인형이동수단(PM),남,23,부상신고,승용,남,53,상해없음,EPSG:5181,207524.47793743,445383.71647876
2021020700100303,2021-02-07 19:00:00,일요일,서울특별시 서초구 잠원동,경상사고,0,0,2,0,차대차 - 기타,안전운전불이행,정보없음,맑음,단일로 - 기타,개인형이동수단(PM),여,19,경상,승용,여,46,상해없음,EPSG:5181,201469.51643614,446055.8192961
2021020800100339,2021-02-08 15:00:00,월요일,서울특별시 구로구 온수동,부상신고사고,0,0,0,1,차대차 - 측면충돌,기타,정보없음,맑음,기타 - 기타,개인형이동수단(PM),여,51,부상신고,승용,남,60,상해없음,EPSG:5181,184545.07985415,443412.92547105
2021021300100241,2021-02-13 18:00:00,토요일,서울특별시 강남구 신사동,경상사고,0,0,1,0,차대사람 - 길가장자리구역통행중,안전운전불이행,정보없음,맑음,단일로 - 기타,개인형이동수단(PM),남,19,상해없음,보행자,여,24,경상,EPSG:5181,202140.93867239,446590.59585537
2021021300100358,2021-02-13 22:00:00,토요일,서울특별시 광진구 군자동,경상사고,0,0,1,0,차대사람 - 보도통행중,기타,정보없음,맑음,단일로 - 기타,개인형이동수단(PM),남,22,상해없음,보행자,남,4,경상,EPSG:5181,206162.98445696,450267.42286408
2021021400100048,2021-02-14 11:00:00,일요일,서울특별시 서초구 서초동,경상사고,0,0,1,0,차대차 - 기타,안전운전불이행,정보없음,맑음,단일로 - 기타,개인형이동수단(PM),남,27,경상,승용,남,41,상해없음,EPSG:5181,202745.15019596,443394.54970507
2021021500100163,2021-02-15 13:00:00,월요일,서울특별시 광진구 구의동,경상사고,0,0,1,0,차대사람 - 길가장자리구역통행중,안전운전불이행,정보없음,맑음,기타 - 기타,개인형이동수단(PM),남,49,상해없음,보행자,여,36,경상,EPSG:5181,207676.66412409,448747.86517253
2021021500100192,2021-02-15 14:00:00,월요일,서울특별시 송파구 석촌동,부상신고사고,0,0,0,1,차대차 - 측면충돌,안전운전불이행,정보없음,맑음,단일로 - 기타,개인형이동수단(PM),남,44,부상신고,화물,남,44,상해없음,EPSG:5181,209282.44669191,444956.88290764
2021021800100480,2021-02-18 21:00:00,목요일,서울특별시 영등포구 대림동,부상신고사고,0,0,0,1,차대사람 - 기타,안전운전불이행,정보없음,맑음,교차로 - 교차로안,개인형이동수단(PM),남,19,상해없음,보행자,여,31,부상신고,EPSG:5181,191678.37882273,443674.89931137
2021021900100205,2021-02-19 12:00:00,금요일,서울특별시 광진구 군자동,중상사고,0,1,0,0,차량단독 - 전도전복 - 전도,안전운전불이행,정보없음,맑음,단일로 - 기타,개인형이동수단(PM),남,26,중상,,,,,EPSG:5181,206423.81465863,450883.05409184
2021022100100324,2021-02-21 19:00:00,일요일,서울특별시 강남구 논현동,경상사고,0,0,1,0,차대차 - 기타,안전운전불이행,정보없음,기타,단일로 - 지하차도(도로)내,개인형이동수단(PM),여,48,경상,승용,남,31,상해없음,EPSG:5181,202859.7507904,445926.15348009
2021022200100112,2021-02-22 09:00:00,월요일,서울특별시 성동구 성수동2가,경상사고,0,0,1,0,차대차 - 측면충돌,안전운전불이행,정보없음,맑음,교차로 - 교차로안,개인형이동수단(PM),남,19,상해없음,자전거,남,48,경상,EPSG:5181,205695.26367432,449427.60330345
2021022500100238,2021-02-25 15:00:00,목요일,서울특별시 동대문구 제기동,부상신고사고,0,0,0,1,차대차 - 기타,안전운전불이행,정보없음,맑음,단일로 - 기타,개인형이동수단(PM),남,57,부상신고,승용,남,71,상해없음,EPSG:5181,203576.99800809,453645.00473371
2021022500100340,2021-02-25 18:00:00,목요일,서울특별시 동대문구 장안동,경상사고,0,0,1,0,차대차 - 기타,안전운전불이행,정보없음,맑음,단일로 - 기타,개인형이동수단(PM),남,25,경상,승합,남,55,상해없음,EPSG:5181,206168.51658876,452424.30820349
2021030200100095,2021-03-02 09:00:00,화요일,서울특별시 강남구 청담동,경상사고,0,0,1,0,차대사람 - 보도통행중,기타,정보없음,맑음,기타 - 기타,개인형이동수단(PM),여,26,상해없음,보행자,여,26,경상,EPSG:5181,204368.83852665,446774.50472613
2021030300100117,2021-03-03 09:00:00,수요일,서울특별시 광진구 화양동,중상사고,0,1,0,0,차대사람 - 기타,안전운전불이행,정보없음,맑음,단일로 - 기타,개인형이동수단(PM),여,23,상해없음,보행자,남,20,중상,EPSG:5181,206470.53249972,448870.50322933
2021030500100238,2021-03-05 13:00:00,금요일,서울특별시 송파구 방이동,중상사고,0,1,0,0,차대사람 - 보도통행중,안전운전불이행,정보없음,맑음,단일로 - 기타,개인형이동수단(PM),남,49,상해없음,보행자,남,18,중상,EPSG:5181,209984.0826093,446396.1862762
2021030800100071,2021-03-08 08:00:00,월요일,서울특별시 광진구 자양동,경상사고,0,0,1,0,차대사람 - 기타,안전운전불이행,정보없음,맑음,단일로 - 기타,개인형이동수단(PM),남,30,상해없음,보행자,남,52,경상,EPSG:5181,205665.8524349,448562.10399424
2021030800100136,2021-03-08 09:00:00,월요일,서울특별시 송파구 잠실동,부상신고사고,0,0,0,1,차대차 - 기타,신호위반,정보없음,맑음,교차로 - 교차로안,개인형이동수단(PM),여,30,부상신고,승용,남,60,상해없음,EPSG:5181,207197.01569247,445257.92715063
2021030900100399,2021-03-09 19:00:00,화요일,서울특별시 구로구 가리봉동,부상신고사고,0,0,0,1,차대차 - 기타,중앙선침범,정보없음,맑음,교차로 - 교차로안,개인형이동수단(PM),남,31,부상신고,승용,남,54,기타불명,EPSG:5181,190285.64783478,442205.94690148
2021031000100496,2021-03-10 20:00:00,수요일,서울특별시 중랑구 묵동,경상사고,0,0,1,0,차대차 - 측면충돌,안전운전불이행,정보없음,맑음,교차로 - 교차로안,개인형이동수단(PM),남,44,경상,화물,남,45,상해없음,EPSG:5181,206891.07058281,457071.99969085
2021031100100022,2021-03-11 03:00:00,목요일,서울특별시 송파구 석촌동,중상사고,0,1,0,0,차량단독 - 기타,안전운전불이행,정보없음,맑음,단일로 - 기타,개인형이동수단(PM),여,28,중상,,,,,EPSG:5181,209138.77912725,445448.31647708
2021031100100340,2021-03-11 17:00:00,목요일,서울특별시 강남구 논현동,중상사고,0,1,0,0,차대차 - 기타,안전운전불이행,정보없음,맑음,단일로 - 기타,개인형이동수단(PM),여,29,중상,승용,남,23,상해없음,EPSG:5181,203675.09835777,446297.63100869
2021031100100544,2021-03-11 23:00:00,목요일,서울특별시 중구 흥인동,중상사고,0,1,0,0,차대사람 - 횡단중,신호위반,정보없음,맑음,교차로 - 교차로횡단보도내,개인형이동수단(PM),남,33,상해없음,보행자,여,54,중상,EPSG:5181,201423.64215427,452236.99646211
2021031100100546,2021-03-11 23:00:00,목요일,서울특별시 강남구 논현동,중상사고,0,1,0,0,차대차 - 측면충돌,기타,정보없음,맑음,교차로 - 교차로안,개인형이동수단(PM),남,25,중상,승합,남,33,상해없음,EPSG:5181,202481.68015025,446664.43513281
2021031300100292,2021-03-13 15:00:00,토요일,서울특별시 마포구 서교동,경상사고,0,0,1,0,차대사람 - 차도통행중,안전운전불이행,정보없음,맑음,단일로 - 기타,개인형이동수단(PM),남,23,상해없음,보행자,여,32,경상,EPSG:5181,192928.89386671,450066.98339038
2021031300100393,2021-03-13 18:00:00,토요일,서울특별시 서초구 잠원동,중상사고,0,1,0,0,차대사람 - 기타,안전운전불이행,정보없음,맑음,교차로 - 교차로부근,개인형이동수단(PM),남,19,상해없음,보행자,여,62,중상,EPSG:5181,200726.33874998,446411.0102278
2021031300100502,2021-03-13 22:00:00,토요일,서울특별시 마포구 상수동,경상사고,0,0,1,0,차대사람 - 횡단중,안전운전불이행,정보없음,맑음,교차로 - 교차로부근,개인형이동수단(PM),남,19,상해없음,보행자,남,28,경상,EPSG:5181,193195.59467858,449954.35824098
2021031400100378,2021-03-14 22:00:00,일요일,서울특별시 마포구 서교동,경상사고,0,0,1,0,차대차 - 정면충돌,안전운전불이행,정보없음,흐림,교차로 - 교차로부근,개인형이동수단(PM),여,32,경상,이륜,남,53,상해없음,EPSG:5181,192671.54754631,450489.77673889
2021031500100360,2021-03-15 17:00:00,월요일,서울특별시 노원구 상계동,경상사고,0,0,2,0,차대차 - 측면충돌,안전운전불이행,정보없음,맑음,교차로 - 교차로부근,개인형이동수단(PM),남,31,경상,승용,여,54,경상,EPSG:5181,205220.70852138,461708.94223036
2021031900100352,2021-03-19 16:00:00,금요일,서울특별시 강동구 암사동,경상사고,0,0,1,0,차대사람 - 기타,기타,정보없음,맑음,단일로 - 기타,개인형이동수단(PM),여,15,기타불명,보행자,여,70,경상,EPSG:5181,211255.81155939,450118.43986863
2021032000100020,2021-03-20 02:00:00,토요일,서울특별시 강남구 청담동,경상사고,0,0,1,0,차량단독 - 기타,신호위반,정보없음,맑음,단일로 - 기타,개인형이동수단(PM),남,40,경상,,,,,EPSG:5181,204300.17554683,446894.1871695
2021032200100007,2021-03-22 02:00:00,월요일,서울특별시 동작구 대방동,부상신고사고,0,0,0,1,차대차 - 기타,기타,정보없음,맑음,교차로 - 교차로횡단보도내,개인형이동수단(PM),남,33,부상신고,승용,남,65,상해없음,EPSG:5181,193659.32944003,444391.69218941
2021032300100122,2021-03-23 10:00:00,화요일,서울특별시 송파구 마천동,중상사고,0,1,0,0,차대사람 - 길가장자리구역통행중,안전운전불이행,정보없음,맑음,단일로 - 기타,개인형이동수단(PM),여,51,상해없음,보행자,남,43,중상,EPSG:5181,213492.53656655,443940.83095662
2021032300100181,2021-03-23 12:00:00,화요일,서울특별시 송파구 석촌동,경상사고,0,0,1,0,차대차 - 측면충돌,교차로운행방법위반,정보없음,맑음,교차로 - 교차로안,개인형이동수단(PM),남,19,경상,승용,남,49,상해없음,EPSG:5181,209001.63675376,445276.51936043
2021032300100212,2021-03-23 13:00:00,화요일,서울특별시 강남구 대치동,경상사고,0,0,1,0,차대차 - 측면충돌,안전운전불이행,정보없음,맑음,교차로 - 교차로부근,개인형이동수단(PM),남,24,상해없음,이륜,남,26,경상,EPSG:5181,204886.87428525,444735.45081213
2021032400100455,2021-03-24 19:00:00,수요일,서울특별시 송파구 방이동,경상사고,0,0,1,0,차대차 - 기타,안전운전불이행,정보없음,맑음,교차로 - 교차로부근,개인형이동수단(PM),여,25,상해없음,자전거,남,38,경상,EPSG:5181,209998.01066003,445846.03968996
2021032400100536,2021-03-24 22:00:00,수요일,서울특별시 강서구 내발산동,경상사고,0,0,1,0,차대사람 - 보도통행중,기타,정보없음,맑음,기타 - 기타,개인형이동수단(PM),남,28,기타불명,보행자,여,60,경상,EPSG:5181,186219.77104186,450928.63629834
2021032500100227,2021-03-25 13:00:00,목요일,서울특별시 양천구 신월동,경상사고,0,0,1,0,차대사람 - 기타,안전운전불이행,정보없음,맑음,교차로 - 교차로안,개인형이동수단(PM),남,22,상해없음,보행자,남,80,경상,EPSG:5181,185266.91834961,448764.75985787
2021032500100578,2021-03-25 22:00:00,목요일,서울특별시 송파구 송파동,중상사고,0,1,0,0,차대차 - 정면충돌,중앙선침범,정보없음,맑음,단일로 - 기타,개인형이동수단(PM),여,19,상해없음,자전거,남,37,중상,EPSG:5181,210451.60365249,444638.96455605
2021032600100069,2021-03-26 08:00:00,금요일,서울특별시 서초구 잠원동,중상사고,0,1,0,1,차대사람 - 차도통행중,안전운전불이행,정보없음,맑음,단일로 - 기타,개인형이동수단(PM),남,36,부상신고,보행자,여,51,중상,EPSG:5181,201141.134761,446856.38814476
2021032600100540,2021-03-26 20:00:00,금요일,서울특별시 중랑구 중화동,부상신고사고,0,0,0,1,차대차 - 기타,안전운전불이행,정보없음,맑음,교차로 - 교차로횡단보도내,개인형이동수단(PM),남,27,부상신고,승용,남,72,상해없음,EPSG:5181,206889.95073431,455779.47972787
2021032800100416,2021-03-28 22:00:00,일요일,서울특별시 서초구 방배동,중상사고,0,1,0,1,차대차 - 측면충돌,안전운전불이행,정보없음,비,단일로 - 기타,개인형이동수단(PM),여,16,중상,승용,남,34,상해없음,EPSG:5181,199280.48609729,443076.03081446
2021032900100281,2021-03-29 13:00:00,월요일,서울특별시 노원구 상계동,경상사고,0,0,2,0,차대차 - 정면충돌,안전운전불이행,정보없음,맑음,단일로 - 기타,개인형이동수단(PM),여,19,경상,자전거,남,35,경상,EPSG:5181,204596.74727171,462405.89250748
2021032900100344,2021-03-29 15:00:00,월요일,서울특별시 서초구 서초동,부상신고사고,0,0,0,1,차대차 - 측면충돌,신호위반,정보없음,맑음,교차로 - 교차로안,개인형이동수단(PM),남,16,부상신고,승용,여,39,상해없음,EPSG:5181,201879.99129468,442983.79529018
2021032900100490,2021-03-29 19:00:00,월요일,서울특별시 강남구 신사동,경상사고,0,0,1,0,차대사람 - 기타,기타,정보없음,맑음,기타 - 기타,개인형이동수단(PM),남,13,상해없음,보행자,여,40,경상,EPSG:5181,202336.77905318,447387.94936319
2021032900100514,2021-03-29 20:00:00,월요일,서울특별시 영등포구 당산동3가,경상사고,0,0,1,0,차대차 - 기타,신호위반,정보없음,맑음,단일로 - 기타,개인형이동수단(PM),남,41,경상,이륜,남,44,상해없음,EPSG:5181,190613.05038041,447425.66743381
2021033000100618,2021-03-30 23:00:00,화요일,서울특별시 서대문구 창천동,경상사고,0,0,1,0,차대사람 - 기타,안전운전불이행,정보없음,맑음,교차로 - 교차로안,개인형이동수단(PM),남,20,기타불명,보행자,여,20,경상,EPSG:5181,194204.54338214,450789.04269457
2021033000100620,2021-03-30 23:00:00,화요일,서울특별시 서초구 서초동,중상사고,0,1,1,0,차대차 - 기타,불법유턴,정보없음,맑음,교차로 - 교차로횡단보도내,개인형이동수단(PM),남,36,중상,승용,남,37,상해없음,EPSG:5181,202133.36919685,445002.93266688
2021040100100020,2021-04-01 02:00:00,목요일,서울특별시 용산구 이촌동,경상사고,0,0,1,0,차대차 - 기타,안전운전불이행,정보없음,맑음,기타 - 기타,개인형이동수단(PM),남,39,기타불명,자전거,남,34,경상,EPSG:5181,196496.11451308,446896.72434754
2021040100100074,2021-04-01 08:00:00,목요일,서울특별시 영등포구 양평동1가,경상사고,0,0,1,0,차대사람 - 보도통행중,기타,정보없음,맑음,기타 - 기타,개인형이동수단(PM),남,26,상해없음,보행자,여,36,경상,EPSG:5181,189977.92162417,447028.14174972
2021040100100367,2021-04-01 16:00:00,목요일,서울특별시 서대문구 연희동,부상신고사고,0,0,0,1,차대사람 - 기타,안전운전불이행,정보없음,맑음,단일로 - 기타,개인형이동수단(PM),여,19,상해없음,보행자,여,52,부상신고,EPSG:5181,193684.84490355,452951.10788785
2021040100100406,2021-04-01 17:00:00,목요일,서울특별시 광진구 군자동,경상사고,0,0,2,0,차대사람 - 기타,보행자보호의무위반,정보없음,맑음,단일로 - 기타,개인형이동수단(PM),남,28,상해없음,보행자,여,26,경상,EPSG:5181,206380.50084467,450374.62189923
2021040400100205,2021-04-04 15:00:00,일요일,서울특별시 강북구 번동,경상사고,0,0,1,0,차대사람 - 횡단중,안전운전불이행,정보없음,맑음,단일로 - 기타,개인형이동수단(PM),남,26,상해없음,보행자,여,62,경상,EPSG:5181,202766.18042113,459937.16490143
2021040500100304,2021-04-05 14:00:00,월요일,서울특별시 강남구 논현동,경상사고,0,0,1,0,차대사람 - 기타,안전운전불이행,정보없음,맑음,단일로 - 기타,개인형이동수단(PM),남,14,상해없음,보행자,여,53,경상,EPSG:5181,202781.36082331,445993.7636476
2021040500100643,2021-04-05 22:00:00,월요일,서울특별시 강남구 삼성동,경상사고,0,0,1,0,차대사람 - 기타,안전운전불이행,정보없음,맑음,단일로 - 기타,개인형이동수단(PM),남,20,상해없음,보행자,남,38,경상,EPSG:5181,204814.42069977,445380.32094517
2021040600100191,2021-04-06 12:00:00,화요일,서울특별시 동작구 상도1동,중상사고,0,1,0,0,차대차 - 측면충돌,안전운전불이행,정보없음,맑음,교차로 - 교차로횡단보도내,개인형이동수단(PM),남,20,중상,승용,남,68,상해없음,EPSG:5181,195371.23444605,444909.98272829
2021040600100286,2021-04-06 15:00:00,화요일,서울특별시 강북구 번동,중상사고,0,1,0,0,차대사람 - 기타,안전운전불이행,정보없음,맑음,단일로 - 기타,개인형이동수단(PM),남,24,상해없음,보행자,여,61,중상,EPSG:5181,203329.48046017,459547.01208552
2021040800100296,2021-04-08 14:00:00,목요일,서울특별시 도봉구 창동,부상신고사고,0,0,0,1,차대차 - 측면충돌,신호위반,정보없음,맑음,교차로 - 교차로안,개인형이동수단(PM),여,19,부상신고,승용,남,67,상해없음,EPSG:5181,204177.57762439,461093.14011192
2021040900100075,2021-04-09 08:00:00,금요일,서울특별시 은평구 갈현동,경상사고,0,0,1,0,차대차 - 측면충돌,중앙선침범,정보없음,맑음,교차로 - 교차로안,개인형이동수단(PM),여,27,경상,승용,남,30,상해없음,EPSG:5181,191980.10247128,457289.69399985
2021040900100359,2021-04-09 16:00:00,금요일,서울특별시 관악구 봉천동,경상사고,0,0,1,0,차대사람 - 기타,안전운전불이행,정보없음,맑음,단일로 - 기타,개인형이동수단(PM),남,17,상해없음,보행자,여,26,경상,EPSG:5181,194020.17171412,443129.12419454
2021040900100549,2021-04-09 20:00:00,금요일,서울특별시 강남구 삼성동,경상사고,0,0,1,0,차대사람 - 횡단중,신호위반,정보없음,맑음,단일로 - 기타,개인형이동수단(PM),남,35,상해없음,보행자,남,34,경상,EPSG:5181,204660.58100699,445150.4129965
2021040900100550,2021-04-09 20:00:00,금요일,서울특별시 강남구 삼성동,중상사고,0,1,0,0,차대차 - 기타,안전운전불이행,정보없음,기타,교차로 - 교차로부근,개인형이동수단(PM),남,40,중상,승용,남,50,상해없음,EPSG:5181,204554.95779402,445259.89526151
2021040900100612,2021-04-09 22:00:00,금요일,서울특별시 송파구 석촌동,중상사고,0,1,0,1,차대차 - 측면충돌,안전운전불이행,정보없음,맑음,단일로 - 기타,개인형이동수단(PM),여,20,부상신고,이륜,남,48,중상,EPSG:5181,208571.44576922,444526.93513838
2021041000100192,2021-04-10 12:00:00,토요일,서울특별시 중랑구 망우동,경상사고,0,0,1,0,차대사람 - 기타,안전운전불이행,정보없음,맑음,교차로 - 교차로안,개인형이동수단(PM),남,32,상해없음,보행자,여,21,경상,EPSG:5181,208885.32348241,455671.05711552
2021041300100234,2021-04-13 13:00:00,화요일,서울특별시 강서구 마곡동,경상사고,0,0,1,0,차대차 - 기타,신호위반,정보없음,맑음,교차로 - 교차로안,개인형이동수단(PM),남,38,경상,승용,남,31,상해없음,EPSG:5181,185712.68014674,451286.07364594
2021041300100395,2021-04-13 17:00:00,화요일,서울특별시 동작구 대방동,경상사고,0,0,1,0,차대차 - 기타,기타,정보없음,맑음,교차로 - 교차로부근,개인형이동수단(PM),남,19,경상,이륜,남,39,상해없음,EPSG:5181,193076.74805067,444835.76827581
2021041300100399,2021-04-13 17:00:00,화요일,서울특별시 송파구 가락동,경상사고,0,0,1,0,차대차 - 기타,신호위반,정보없음,맑음,교차로 - 교차로안,개인형이동수단(PM),남,19,경상,승용,남,38,상해없음,EPSG:5181,211108.5503578,443757.09866901
2021041300100491,2021-04-13 19:00:00,화요일,서울특별시 성북구 동선동4가,부상신고사고,0,0,0,1,차대사람 - 보도통행중,기타,정보없음,맑음,기타 - 기타,개인형이동수단(PM),기타불명,,기타불명,보행자,여,17,부상신고,EPSG:5181,201447.55705235,454886.16141137
2021041300100590,2021-04-13 22:00:00,화요일,서울특별시 강남구 역삼동,경상사고,0,0,1,0,차대사람 - 기타,안전운전불이행,정보없음,맑음,단일로 - 기타,개인형이동수단(PM),여,19,상해없음,보행자,여,17,경상,EPSG:5181,202976.07256267,444556.23260138
2021041500100135,2021-04-15 10:00:00,목요일,서울특별시 성동구 성수동1가,경상사고,0,0,2,0,차대차 - 기타,안전운전불이행,정보없음,맑음,교차로 - 교차로횡단보도내,개인형이동수단(PM),여,36,경상,자전거,여,73,경상,EPSG:5181,203964.47962909,449634.48437959
2021041500100517,2021-04-15 20:00:00,목요일,서울특별시 마포구 동교동,중상사고,0,1,0,0,차대차 - 측면충돌,불법유턴,정보없음,맑음,단일로 - 기타,개인형이동수단(PM),여,38,중상,승용,남,63,상해없음,EPSG:5181,193455.23997044,450980.13152105
2021041600100039,2021-04-16 06:00:00,금요일,서울특별시 송파구 잠실동,부상신고사고,0,0,0,1,차대차 - 측면충돌,안전운전불이행,정보없음,맑음,기타 - 기타,개인형이동수단(PM),여,20,부상신고,승용,여,37,상해없음,EPSG:5181,208594.42281379,445474.43559389
2021041600100314,2021-04-16 16:00:00,금요일,서울특별시 강남구 역삼동,부상신고사고,0,0,0,1,차량단독 - 전도전복 - 전도,안전운전불이행,정보없음,맑음,단일로 - 기타,개인형이동수단(PM),남,29,부상신고,,,,,EPSG:5181,202766.0186067,443985.89292782
2021041600100541,2021-04-16 22:00:00,금요일,서울특별시 서초구 잠원동,중상사고,0,1,0,0,차대차 - 측면충돌,불법유턴,정보없음,맑음,교차로 - 교차로안,개인형이동수단(PM),남,47,중상,승용,여,64,상해없음,EPSG:5181,201071.96903653,446317.809951
2021041600100582,2021-04-16 23:00:00,금요일,서울특별시 서초구 반포동,중상사고,0,1,1,1,차대차 - 측면충돌,직진우회전진행방해,정보없음,맑음,교차로 - 교차로안,개인형이동수단(PM),남,56,부상신고,승용,남,57,상해없음,EPSG:5181,201855.09474933,445410.61458483
2021041700100231,2021-04-17 13:00:00,토요일,서울특별시 성북구 상월곡동,중상사고,0,1,0,0,차대사람 - 보도통행중,기타,정보없음,맑음,단일로 - 기타,개인형이동수단(PM),남,24,상해없음,보행자,남,29,중상,EPSG:5181,204063.57352958,456203.60309965
2021041700100562,2021-04-17 22:00:00,토요일,서울특별시 영등포구 양평동1가,경상사고,0,0,1,0,차대차 - 정면충돌,중앙선침범,정보없음,맑음,단일로 - 기타,개인형이동수단(PM),남,16,경상,승용,남,38,상해없음,EPSG:5181,190376.36982936,446972.2376334
2021041900100160,2021-04-19 10:00:00,월요일,서울특별시 강동구 천호동,경상사고,0,0,1,0,차대차 - 측면충돌,안전운전불이행,정보없음,맑음,단일로 - 기타,개인형이동수단(PM),남,31,상해없음,자전거,여,31,경상,EPSG:5181,210722.1173367,450020.56316037
2021042000100002,2021-04-20 00:00:00,화요일,서울특별시 강동구 고덕동,중상사고,0,1,0,0,차량단독 - 기타,안전운전불이행,정보없음,맑음,교차로 - 교차로횡단보도내,개인형이동수단(PM),남,48,중상,,,,,EPSG:5181,215090.16878189,451095.22222584
2021042100100359,2021-04-21 16:00:00,수요일,서울특별시 강남구 삼성동,경상사고,0,0,1,0,차대사람 - 차도통행중,안전운전불이행,정보없음,맑음,단일로 - 기타,개인형이동수단(PM),남,23,상해없음,보행자,남,63,경상,EPSG:5181,204452.387751,445171.31550297
2021042100100542,2021-04-21 20:00:00,수요일,서울특별시 관악구 신림동,경상사고,0,0,1,0,차대차 - 측면충돌,안전운전불이행,정보없음,맑음,교차로 - 교차로부근,개인형이동수단(PM),남,34,경상,화물,남,41,상해없음,EPSG:5181,191274.71069885,442453.29108711
2021042100100575,2021-04-21 21:00:00,수요일,서울특별시 강북구 번동,경상사고,0,0,1,0,차대사람 - 기타,안전운전불이행,정보없음,맑음,기타 - 기타,개인형이동수단(PM),남,12,상해없음,보행자,여,31,경상,EPSG:5181,202756.24216858,460300.25473306
2021042100100618,2021-04-21 23:00:00,수요일,서울특별시 강북구 미아동,경상사고,0,0,1,0,차대사람 - 기타,안전운전불이행,정보없음,맑음,교차로 - 교차로부근,개인형이동수단(PM),남,22,상해없음,보행자,남,27,경상,EPSG:5181,202873.83536757,457005.58532239
2021042200100349,2021-04-22 16:00:00,목요일,서울특별시 서초구 방배동,경상사고,0,0,1,0,차대차 - 추돌,안전운전불이행,정보없음,맑음,기타 - 기타,개인형이동수단(PM),남,22,경상,화물,남,34,상해없음,EPSG:5181,199928.70694499,442140.10723122
2021042200100554,2021-04-22 22:00:00,목요일,서울특별시 마포구 서교동,경상사고,0,0,1,0,차대차 - 정면충돌,안전운전불이행,정보없음,맑음,기타 - 기타,개인형이동수단(PM),남,27,상해없음,이륜,남,35,경상,EPSG:5181,193098.25714695,450387.00627841
2021042300100423,2021-04-23 17:00:00,금요일,서울특별시 강서구 화곡동,경상사고,0,0,1,0,차대사람 - 길가장자리구역통행중,안전운전불이행,정보없음,맑음,단일로 - 기타,개인형이동수단(PM),기타불명,,기타불명,보행자,여,25,경상,EPSG:5181,186780.84017207,447945.49903021
2021042300100458,2021-04-23 18:00:00,금요일,서울특별시 강남구 역삼동,경상사고,0,0,1,0,차대차 - 기타,안전운전불이행,정보없음,맑음,기타 - 기타,개인형이동수단(PM),남,22,상해없음,자전거,남,34,경상,EPSG:5181,203951.66338361,445458.7694213
2021042400100036,2021-04-24 03:00:00,토요일,서울특별시 강남구 논현동,부상신고사고,0,0,0,1,차량단독 - 전도전복 - 전도,기타,정보없음,흐림,단일로 - 기타,개인형이동수단(PM),남,30,부상신고,,,,,EPSG:5181,201749.76713052,446029.29764239
2021042400100092,2021-04-24 09:00:00,토요일,서울특별시 송파구 방이동,중상사고,0,1,0,0,차대사람 - 보도통행중,기타,정보없음,맑음,단일로 - 기타,개인형이동수단(PM),여,38,상해없음,보행자,남,34,중상,EPSG:5181,210975.89540966,445565.12114161
2021042400100272,2021-04-24 14:00:00,토요일,서울특별시 강남구 역삼동,경상사고,0,0,1,0,차대차 - 기타,안전운전불이행,정보없음,맑음,단일로 - 기타,개인형이동수단(PM),남,33,상해없음,이륜,남,20,경상,EPSG:5181,203356.49714719,444316.15834039
2021042400100348,2021-04-24 16:00:00,토요일,서울특별시 성북구 삼선동4가,경상사고,0,0,1,0,차대사람 - 기타,안전운전불이행,정보없음,맑음,단일로 - 기타,개인형이동수단(PM),남,18,상해없음,보행자,남,28,경상,EPSG:5181,201294.65757794,454480.18874526
2021042400100467,2021-04-24 19:00:00,토요일,서울특별시 마포구 대흥동,경상사고,0,0,1,0,차대사람 - 기타,안전운전불이행,정보없음,맑음,교차로 - 교차로안,개인형이동수단(PM),남,15,상해없음,보행자,여,66,경상,EPSG:5181,194878.69255668,449681.20140876
2021042400100552,2021-04-24 21:00:00,토요일,서울특별시 강남구 역삼동,경상사고,0,0,2,0,차대사람 - 기타,안전운전불이행,정보없음,맑음,단일로 - 기타,개인형이동수단(PM),남,42,기타불명,보행자,여,22,경상,EPSG:5181,202375.25839691,444665.08469541
2021042500100002,2021-04-25 00:00:00,일요일,서울특별시 송파구 잠실동,부상신고사고,0,0,0,1,차대차 - 기타,신호위반,정보없음,맑음,교차로 - 교차로안,개인형이동수단(PM),여,18,상해없음,자전거,여,54,부상신고,EPSG:5181,207364.9863704,445087.75154289
2021042500100470,2021-04-25 22:00:00,일요일,서울특별시 강남구 논현동,경상사고,0,0,2,0,차대차 - 기타,안전운전불이행,정보없음,맑음,교차로 - 교차로안,개인형이동수단(PM),여,25,경상,승용,남,36,경상,EPSG:5181,203425.85019498,446890.5403849
2021042700100403,2021-04-27 18:00:00,화요일,서울특별시 용산구 한강로1가,부상신고사고,0,0,0,1,차대차 - 기타,중앙선침범,정보없음,맑음,교차로 - 교차로부근,개인형이동수단(PM),남,33,부상신고,승용,남,43,상해없음,EPSG:5181,197497.76501452,448164.53736627
2021042700100488,2021-04-27 20:00:00,화요일,서울특별시 마포구 서교동,경상사고,0,0,1,0,차대차 - 측면충돌,안전운전불이행,정보없음,맑음,단일로 - 기타,개인형이동수단(PM),남,36,상해없음,자전거,여,42,경상,EPSG:5181,192188.96732733,450564.23922206
2021042800100073,2021-04-28 08:00:00,수요일,서울특별시 성동구 용답동,경상사고,0,0,1,0,차대사람 - 기타,안전운전불이행,정보없음,맑음,기타 - 기타,개인형이동수단(PM),여,40,상해없음,보행자,남,21,경상,EPSG:5181,204573.9104255,451479.45307195
2021042900100005,2021-04-29 00:00:00,목요일,서울특별시 은평구 진관동,중상사고,0,1,0,0,차대사람 - 기타,안전운전불이행,정보없음,맑음,기타 - 기타,개인형이동수단(PM),남,31,상해없음,보행자,여,51,중상,EPSG:5181,192681.72164468,459852.40940034
2021042900100160,2021-04-29 11:00:00,목요일,서울특별시 중구 회현동1가,부상신고사고,0,0,0,1,차대차 - 기타,안전운전불이행,정보없음,맑음,교차로 - 교차로횡단보도내,개인형이동수단(PM),남,29,부상신고,승용,여,67,상해없음,EPSG:5181,198380.90983251,451211.41409938
2021042900100497,2021-04-29 19:00:00,목요일,서울특별시 동대문구 회기동,경상사고,0,0,1,0,차대사람 - 횡단중,신호위반,정보없음,맑음,교차로 - 교차로안,개인형이동수단(PM),남,27,상해없음,보행자,여,54,경상,EPSG:5181,204923.95643737,454504.51104032
2021043000100681,2021-04-30 23:00:00,금요일,서울특별시 마포구 공덕동,중상사고,0,1,0,0,차대사람 - 기타,안전운전불이행,정보없음,맑음,단일로 - 기타,개인형이동수단(PM),남,25,상해없음,보행자,남,36,중상,EPSG:5181,195321.53647808,449554.50687592
2021050200100214,2021-05-02 14:00:00,일요일,서울특별시 마포구 합정동,부상신고사고,0,0,0,1,차대사람 - 보도통행중,안전운전불이행,정보없음,맑음,기타 - 기타,개인형이동수단(PM),여,20,상해없음,보행자,여,24,부상신고,EPSG:5181,192455.44433099,449929.41368627
2021050300100562,2021-05-03 20:00:00,월요일,서울특별시 구로구 구로동,경상사고,0,0,1,0,차대차 - 기타,안전운전불이행,정보없음,맑음,교차로 - 교차로안,개인형이동수단(PM),남,47,경상,승용,남,46,상해없음,EPSG:5181,190435.45110829,443572.2607536
2021050300100592,2021-05-03 21:00:00,월요일,서울특별시 강남구 역삼동,부상신고사고,0,0,0,1,차대차 - 기타,안전운전불이행,정보없음,맑음,교차로 - 교차로횡단보도내,개인형이동수단(PM),여,27,부상신고,승용,남,61,상해없음,EPSG:5181,203657.4981168,444714.91385621
2021050300100619,2021-05-03 22:00:00,월요일,서울특별시 동대문구 장안동,중상사고,0,2,0,0,차대사람 - 기타,안전운전불이행,정보없음,맑음,단일로 - 기타,개인형이동수단(PM),남,38,중상,보행자,여,25,중상,EPSG:5181,206786.46064262,453232.91652
2021050400100098,2021-05-04 09:00:00,화요일,서울특별시 동대문구 전농동,경상사고,0,0,1,0,차대사람 - 횡단중,안전운전불이행,정보없음,비,단일로 - 기타,개인형이동수단(PM),남,20,상해없음,보행자,여,5,경상,EPSG:5181,204635.78904156,453950.75876327
2021050400100637,2021-05-04 22:00:00,화요일,서울특별시 강남구 청담동,경상사고,0,0,1,0,차대차 - 기타,안전운전불이행,정보없음,비,교차로 - 교차로부근,개인형이동수단(PM),남,29,경상,승용,남,33,상해없음,EPSG:5181,203656.71742018,447120.85775539
2021050500100101,2021-05-05 10:00:00,수요일,서울특별시 서대문구 연희동,부상신고사고,0,0,0,1,차대차 - 측면충돌,안전운전불이행,정보없음,맑음,단일로 - 기타,개인형이동수단(PM),남,25,부상신고,승용,남,33,상해없음,EPSG:5181,193951.80338684,452038.17787811
2021050600100398,2021-05-06 18:00:00,목요일,서울특별시 성동구 하왕십리동,경상사고,0,0,1,0,차대사람 - 보도통행중,기타,정보없음,맑음,기타 - 기타,개인형이동수단(PM),남,18,상해없음,보행자,여,82,경상,EPSG:5181,202794.95635904,451527.01119412
2021050600100508,2021-05-06 21:00:00,목요일,서울특별시 강서구 방화동,경상사고,0,0,1,0,차대사람 - 횡단중,신호위반,정보없음,맑음,교차로 - 교차로횡단보도내,개인형이동수단(PM),남,17,상해없음,보행자,여,65,경상,EPSG:5181,183326.79274606,451661.52496672
2021050600100537,2021-05-06 22:00:00,목요일,서울특별시 강서구 등촌동,경상사고,0,0,1,0,차대사람 - 기타,안전운전불이행,정보없음,흐림,단일로 - 기타,개인형이동수단(PM),여,27,상해없음,보행자,여,63,경상,EPSG:5181,187707.07541343,450788.49247917
2021050700100309,2021-05-07 15:00:00,금요일,서울특별시 강서구 화곡동,경상사고,0,0,1,0,차대차 - 기타,안전운전불이행,정보없음,맑음,단일로 - 기타,개인형이동수단(PM),남,58,경상,승용,남,31,상해없음,EPSG:5181,186034.07229423,448789.84693598
2021050700100583,2021-05-07 22:00:00,금요일,서울특별시 강북구 수유동,경상사고,0,0,1,0,차대사람 - 기타,안전운전불이행,정보없음,맑음,교차로 - 교차로부근,개인형이동수단(PM),남,26,기타불명,보행자,남,60,경상,EPSG:5181,202211.37254085,459860.17906857
2021050900100255,2021-05-09 15:00:00,일요일,서울특별시 영등포구 양평동3가,경상사고,0,0,1,0,차대사람 - 기타,기타,정보없음,맑음,단일로 - 기타,개인형이동수단(PM),여,25,상해없음,보행자,여,33,경상,EPSG:5181,190374.08333312,447402.38877279
2021050900100333,2021-05-09 17:00:00,일요일,서울특별시 은평구 증산동,경상사고,0,0,1,0,차대사람 - 기타,안전운전불이행,정보없음,맑음,교차로 - 교차로부근,개인형이동수단(PM),남,49,상해없음,보행자,여,88,경상,EPSG:5181,191617.44167367,453442.29690515
2021050900100376,2021-05-09 18:00:00,일요일,서울특별시 서대문구 연희동,경상사고,0,0,1,0,차대차 - 측면충돌,불법유턴,정보없음,맑음,교차로 - 교차로부근,개인형이동수단(PM),여,21,경상,승용,여,52,상해없음,EPSG:5181,193729.91667122,451624.83927269
2021051200100042,2021-05-12 07:00:00,수요일,서울특별시 강남구 청담동,중상사고,0,1,0,0,차대사람 - 보도통행중,기타,정보없음,맑음,기타 - 기타,개인형이동수단(PM),여,28,상해없음,보행자,여,79,중상,EPSG:5181,204228.16583393,447078.87747038
2021051200100406,2021-05-12 17:00:00,수요일,서울특별시 도봉구 창동,경상사고,0,0,1,0,차대차 - 추돌,안전운전불이행,정보없음,맑음,기타 - 기타,개인형이동수단(PM),남,40,상해없음,자전거,남,23,경상,EPSG:5181,204833.17611511,460466.3855914
2021051200100457,2021-05-12 18:00:00,수요일,서울특별시 중랑구 신내동,부상신고사고,0,0,0,1,차대차 - 측면충돌,안전운전불이행,정보없음,맑음,단일로 - 기타,개인형이동수단(PM),남,26,부상신고,승용,남,36,상해없음,EPSG:5181,208373.04249582,457376.01123446
2021051200100579,2021-05-12 22:00:00,수요일,서울특별시 동작구 대방동,부상신고사고,0,0,0,1,차대사람 - 보도통행중,기타,정보없음,맑음,단일로 - 기타,개인형이동수단(PM),남,22,상해없음,보행자,남,37,부상신고,EPSG:5181,193777.02059288,444458.34272934
2021051200100581,2021-05-12 22:00:00,수요일,서울특별시 강남구 신사동,부상신고사고,0,0,0,1,차대차 - 기타,직진우회전진행방해,정보없음,맑음,교차로 - 교차로안,개인형이동수단(PM),남,28,부상신고,승용,여,40,상해없음,EPSG:5181,203015.64259147,447087.43837472
2021051300100243,2021-05-13 13:00:00,목요일,서울특별시 서대문구 홍제동,부상신고사고,0,0,0,1,차대차 - 기타,신호위반,정보없음,맑음,교차로 - 교차로안,개인형이동수단(PM),남,36,부상신고,이륜,남,28,상해없음,EPSG:5181,195564.14434351,453782.42564343
2021051400100519,2021-05-14 18:00:00,금요일,서울특별시 마포구 서교동,경상사고,0,0,1,0,차대사람 - 기타,안전운전불이행,정보없음,맑음,단일로 - 기타,개인형이동수단(PM),남,28,상해없음,보행자,여,42,경상,EPSG:5181,192557.48051602,450118.02821601
2021051400100607,2021-05-14 20:00:00,금요일,서울특별시 광진구 중곡동,경상사고,0,0,1,0,차대사람 - 기타,안전운전불이행,정보없음,맑음,단일로 - 기타,개인형이동수단(PM),남,18,상해없음,보행자,여,4,경상,EPSG:5181,207200.63337484,450975.22140465
2021051500100129,2021-05-15 10:00:00,토요일,서울특별시 구로구 오류동,부상신고사고,0,0,0,1,차대차 - 기타,안전운전불이행,정보없음,맑음,단일로 - 기타,개인형이동수단(PM),남,37,부상신고,화물,남,49,상해없음,EPSG:5181,185434.91064905,443695.75586816
2021051700100374,2021-05-17 18:00:00,월요일,서울특별시 강북구 미아동,경상사고,0,0,1,0,차대차 - 기타,신호위반,정보없음,맑음,교차로 - 교차로안,개인형이동수단(PM),남,20,상해없음,이륜,남,28,경상,EPSG:5181,201740.60033257,458092.97824767
2021051900100001,2021-05-19 00:00:00,수요일,서울특별시 광진구 군자동,부상신고사고,0,0,0,1,차대차 - 측면충돌,안전운전불이행,정보없음,맑음,교차로 - 교차로안,개인형이동수단(PM),남,31,부상신고,승용,남,58,상해없음,EPSG:5181,206545.83276985,449760.256895
2021051900100032,2021-05-19 03:00:00,수요일,서울특별시 강남구 역삼동,중상사고,0,1,0,0,차대사람 - 기타,안전운전불이행,정보없음,맑음,단일로 - 기타,개인형이동수단(PM),남,33,상해없음,보행자,여,40,중상,EPSG:5181,203185.12886409,444749.41882315
2021051900100070,2021-05-19 08:00:00,수요일,서울특별시 강서구 화곡동,경상사고,0,0,1,0,차대차 - 기타,교차로운행방법위반,정보없음,맑음,교차로 - 교차로안,개인형이동수단(PM),여,32,경상,화물,남,38,상해없음,EPSG:5181,187461.11932081,447941.1126643
2021051900100531,2021-05-19 23:00:00,수요일,서울특별시 송파구 방이동,경상사고,0,0,1,1,차대차 - 측면충돌,안전운전불이행,정보없음,맑음,단일로 - 기타,개인형이동수단(PM),남,20,부상신고,원동기,남,48,경상,EPSG:5181,210072.5422579,445563.32221554
2021052000100367,2021-05-20 18:00:00,목요일,서울특별시 마포구 성산동,경상사고,0,0,1,1,차대차 - 기타,안전운전불이행,정보없음,맑음,교차로 - 교차로부근,개인형이동수단(PM),남,34,경상,승용,남,34,부상신고,EPSG:5181,192125.84847844,451710.34091613
2021052100100339,2021-05-21 16:00:00,금요일,서울특별시 은평구 수색동,경상사고,0,0,1,0,차대차 - 기타,안전운전불이행,정보없음,맑음,교차로 - 교차로안,개인형이동수단(PM),남,81,경상,승용,남,37,상해없음,EPSG:5181,190818.82970754,453688.14148254
2021052100100586,2021-05-21 23:00:00,금요일,서울특별시 강남구 삼성동,경상사고,0,0,2,0,차대차 - 기타,기타,정보없음,맑음,단일로 - 기타,개인형이동수단(PM),남,31,경상,개인형이동수단(PM),여,15,경상,EPSG:5181,203746.943066,446143.95210618
2021052200100267,2021-05-22 14:00:00,토요일,서울특별시 구로구 신도림동,부상신고사고,0,0,0,1,차대차 - 측면충돌,안전운전불이행,정보없음,맑음,교차로 - 교차로횡단보도내,개인형이동수단(PM),남,77,부상신고,승용,남,61,상해없음,EPSG:5181,189106.62323107,445139.7980094
2021052300100317,2021-05-23 19:00:00,일요일,서울특별시 중구 남대문로3가,부상신고사고,0,0,0,2,차대차 - 측면충돌,안전운전불이행,정보없음,흐림,교차로 - 교차로부근,개인형이동수단(PM),남,29,부상신고,화물,여,74,상해없음,EPSG:5181,198300.08805836,451360.04201227
2021052400100227,2021-05-24 13:00:00,월요일,서울특별시 은평구 불광동,부상신고사고,0,0,0,1,차대차 - 측면충돌,중앙선침범,정보없음,맑음,교차로 - 교차로부근,개인형이동수단(PM),남,65,부상신고,승합,남,44,상해없음,EPSG:5181,193999.81393397,457113.38030116
2021052500100317,2021-05-25 15:00:00,화요일,서울특별시 강남구 개포동,경상사고,0,0,1,0,차대차 - 기타,안전운전불이행,정보없음,맑음,단일로 - 기타,개인형이동수단(PM),남,31,경상,승용,남,61,상해없음,EPSG:5181,204347.32134952,442162.56971461
2021052500100403,2021-05-25 17:00:00,화요일,서울특별시 강북구 번동,경상사고,0,0,1,0,차대차 - 측면충돌,안전운전불이행,정보없음,맑음,교차로 - 교차로부근,개인형이동수단(PM),남,40,경상,승용,여,52,상해없음,EPSG:5181,202805.49161442,459506.20483774
2021052700100148,2021-05-27 10:00:00,목요일,서울특별시 강남구 삼성동,경상사고,0,0,1,0,차대차 - 기타,안전운전불이행,정보없음,맑음,단일로 - 기타,개인형이동수단(PM),여,32,경상,승용,여,42,상해없음,EPSG:5181,204593.18933547,446160.45409436
2021052700100528,2021-05-27 21:00:00,목요일,서울특별시 서초구 방배동,경상사고,0,0,1,0,차대사람 - 보도통행중,안전운전불이행,정보없음,맑음,기타 - 기타,개인형이동수단(PM),남,29,상해없음,보행자,남,60,경상,EPSG:5181,199390.94176418,443186.66029518
2021052800100591,2021-05-28 22:00:00,금요일,서울특별시 서초구 서초동,중상사고,0,1,0,0,차대사람 - 기타,신호위반,정보없음,맑음,단일로 - 기타,개인형이동수단(PM),남,25,상해없음,보행자,남,63,중상,EPSG:5181,202018.95208286,444508.13090947
2021053100100126,2021-05-31 10:00:00,월요일,서울특별시 중랑구 면목동,경상사고,0,0,1,0,차대차 - 측면충돌,기타,정보없음,흐림,기타 - 기타,개인형이동수단(PM),남,24,상해없음,자전거,남,50,경상,EPSG:5181,206936.51016954,453422.79028359
2021053100100127,2021-05-31 10:00:00,월요일,서울특별시 강남구 논현동,경상사고,0,0,1,0,차대차 - 측면충돌,기타,정보없음,맑음,교차로 - 교차로안,개인형이동수단(PM),남,30,경상,승용,여,39,상해없음,EPSG:5181,203406.28851496,445488.88451745
2021053100100536,2021-05-31 23:00:00,월요일,서울특별시 강남구 논현동,경상사고,0,0,1,0,차대차 - 측면충돌,기타,정보없음,흐림,교차로 - 교차로안,개인형이동수단(PM),남,26,경상,승용,남,57,상해없음,EPSG:5181,202180.87429209,445664.4445652
2021060200100107,2021-06-02 09:00:00,수요일,서울특별시 성동구 성수동1가,경상사고,0,0,1,0,차대차 - 측면충돌,안전운전불이행,정보없음,맑음,단일로 - 기타,개인형이동수단(PM),여,29,상해없음,자전거,여,39,경상,EPSG:5181,204356.34621499,449312.44040253
2021060300100142,2021-06-03 10:00:00,목요일,서울특별시 강남구 역삼동,경상사고,0,0,1,0,차대차 - 측면충돌,안전운전불이행,정보없음,맑음,단일로 - 기타,개인형이동수단(PM),남,51,경상,승용,남,52,상해없음,EPSG:5181,204294.85069524,445072.4397653
2021060400100339,2021-06-04 15:00:00,금요일,서울특별시 강남구 신사동,중상사고,0,1,0,0,차대사람 - 횡단중,안전운전불이행,정보없음,맑음,단일로 - 기타,개인형이동수단(PM),남,15,상해없음,보행자,여,38,중상,EPSG:5181,202051.95105077,447146.34110897
2021060400100431,2021-06-04 17:00:00,금요일,서울특별시 송파구 석촌동,중상사고,0,1,0,0,차대차 - 추돌,안전운전불이행,정보없음,맑음,교차로 - 교차로안,개인형이동수단(PM),남,34,중상,승용,남,76,상해없음,EPSG:5181,209467.05313505,445044.89857139
2021060400100639,2021-06-04 22:00:00,금요일,서울특별시 은평구 응암동,중상사고,0,1,0,0,차대사람 - 횡단중,신호위반,정보없음,맑음,교차로 - 교차로안,개인형이동수단(PM),남,46,상해없음,보행자,여,55,중상,EPSG:5181,193018.23136461,455461.52206483
2021060500100002,2021-06-05 00:00:00,토요일,서울특별시 노원구 중계동,경상사고,0,0,2,0,차대차 - 기타,안전운전불이행,정보없음,맑음,교차로 - 교차로안,개인형이동수단(PM),남,15,상해없음,승용,남,57,경상,EPSG:5181,206474.76040383,462167.8075565
2021060500100446,2021-06-05 17:00:00,토요일,서울특별시 송파구 송파동,경상사고,0,0,1,0,차대사람 - 보도통행중,기타,정보없음,맑음,단일로 - 기타,개인형이동수단(PM),여,15,상해없음,보행자,남,26,경상,EPSG:5181,209321.39964466,445345.24520492
2021060700100199,2021-06-07 12:00:00,월요일,서울특별시 성동구 홍익동,경상사고,0,0,1,0,차대차 - 측면충돌,중앙선침범,정보없음,맑음,단일로 - 기타,개인형이동수단(PM),남,33,상해없음,이륜,남,41,경상,EPSG:5181,202751.99873722,451891.92619719
2021060700100497,2021-06-07 19:00:00,월요일,서울특별시 서초구 서초동,경상사고,0,0,1,0,차대사람 - 횡단중,기타,정보없음,맑음,단일로 - 기타,개인형이동수단(PM),남,18,상해없음,보행자,여,35,경상,EPSG:5181,202491.9239573,443983.43654367
2021060700100572,2021-06-07 22:00:00,월요일,서울특별시 관악구 봉천동,부상신고사고,0,0,0,1,차대사람 - 보도통행중,기타,정보없음,맑음,기타 - 기타,개인형이동수단(PM),남,25,상해없음,보행자,남,29,부상신고,EPSG:5181,196250.99092256,442194.60709949
2021060800100175,2021-06-08 11:00:00,화요일,서울특별시 중랑구 상봉동,부상신고사고,0,0,0,1,차대사람 - 기타,기타,정보없음,맑음,기타 - 기타,개인형이동수단(PM),남,77,상해없음,보행자,남,80,부상신고,EPSG:5181,207666.42844977,455935.67492397
2021060900100066,2021-06-09 08:00:00,수요일,서울특별시 성동구 행당동,중상사고,0,1,0,0,차대사람 - 보도통행중,기타,정보없음,맑음,단일로 - 기타,개인형이동수단(PM),여,23,상해없음,보행자,여,46,중상,EPSG:5181,203331.68465049,451053.6792022
2021060900100605,2021-06-09 22:00:00,수요일,서울특별시 강남구 신사동,경상사고,0,0,1,0,차대사람 - 기타,안전운전불이행,정보없음,맑음,단일로 - 기타,개인형이동수단(PM),남,29,상해없음,보행자,남,31,경상,EPSG:5181,201843.64893056,446434.95540421
2021060900100625,2021-06-09 23:00:00,수요일,서울특별시 마포구 창전동,중상사고,0,1,0,0,차대차 - 측면충돌,안전운전불이행,정보없음,맑음,교차로 - 교차로부근,개인형이동수단(PM),남,37,상해없음,이륜,남,47,중상,EPSG:5181,194184.35539578,450446.80399732
2021061100100391,2021-06-11 17:00:00,금요일,서울특별시 강남구 논현동,경상사고,0,0,1,0,차대사람 - 보도통행중,기타,정보없음,맑음,기타 - 기타,개인형이동수단(PM),여,32,상해없음,보행자,여,25,경상,EPSG:5181,202173.04891911,445066.16822179
2021061100100445,2021-06-11 18:00:00,금요일,서울특별시 송파구 잠실동,경상사고,0,0,1,0,차대사람 - 기타,안전운전불이행,정보없음,맑음,단일로 - 기타,개인형이동수단(PM),남,14,상해없음,보행자,여,58,경상,EPSG:5181,207552.62755274,445545.93059832
2021061100100626,2021-06-11 23:00:00,금요일,서울특별시 송파구 잠실동,부상신고사고,0,0,0,1,차량단독 - 기타,안전운전불이행,정보없음,맑음,단일로 - 기타,개인형이동수단(PM),남,31,부상신고,,,,,EPSG:5181,206815.85250833,445071.82872809
2021061300100160,2021-06-13 13:00:00,일요일,서울특별시 관악구 신림동,중상사고,0,1,0,0,차대사람 - 기타,안전운전불이행,정보없음,맑음,단일로 - 기타,개인형이동수단(PM),남,24,상해없음,보행자,여,79,중상,EPSG:5181,193328.33886856,442859.34793056
2021061300100280,2021-06-13 16:00:00,일요일,서울특별시 동대문구 장안동,경상사고,0,0,1,0,차대차 - 기타,직진우회전진행방해,정보없음,맑음,교차로 - 교차로안,개인형이동수단(PM),남,43,경상,승용,여,42,상해없음,EPSG:5181,205741.04135067,451541.68458662
2021061400100001,2021-06-14 00:00:00,월요일,서울특별시 동대문구 이문동,경상사고,0,0,1,0,차량단독 - 기타,안전운전불이행,정보없음,흐림,단일로 - 기타,개인형이동수단(PM),남,49,경상,,,,,EPSG:5181,206265.71399154,455965.23084536
2021061400100186,2021-06-14 11:00:00,월요일,서울특별시 노원구 공릉동,경상사고,0,0,1,0,차대사람 - 기타,기타,정보없음,맑음,단일로 - 기타,개인형이동수단(PM),남,24,상해없음,보행자,남,39,경상,EPSG:5181,207025.09011432,458205.16403445
2021061400100460,2021-06-14 18:00:00,월요일,서울특별시 중랑구 면목동,경상사고,0,0,1,1,차대차 - 기타,안전운전불이행,정보없음,맑음,단일로 - 기타,개인형이동수단(PM),남,30,부상신고,자전거,여,52,경상,EPSG:5181,206302.66600614,454473.83542026
2021061600100359,2021-06-16 16:00:00,수요일,서울특별시 서초구 서초동,부상신고사고,0,0,0,1,차대차 - 기타,안전운전불이행,정보없음,맑음,단일로 - 기타,개인형이동수단(PM),남,17,부상신고,승용,남,38,상해없음,EPSG:5181,202200.77565199,442671.37567935
2021061600100601,2021-06-16 22:00:00,수요일,서울특별시 강남구 논현동,경상사고,0,0,1,0,차대사람 - 기타,안전운전불이행,정보없음,맑음,단일로 - 기타,개인형이동수단(PM),남,33,기타불명,보행자,남,35,경상,EPSG:5181,201778.54998379,446260.54118911
2021061900100427,2021-06-19 17:00:00,토요일,서울특별시 광진구 중곡동,경상사고,0,0,2,0,차대차 - 정면충돌,안전운전불이행,정보없음,맑음,기타 - 기타,개인형이동수단(PM),여,35,상해없음,자전거,남,56,경상,EPSG:5181,206882.31361286,451011.54319053
2021062100100579,2021-06-21 20:00:00,월요일,서울특별시 강남구 세곡동,중상사고,0,1,0,0,차량단독 - 기타,안전운전불이행,정보없음,맑음,단일로 - 기타,개인형이동수단(PM),여,54,중상,,,,,EPSG:5181,208768.28996877,440803.49268874
2021062100100621,2021-06-21 22:00:00,월요일,서울특별시 강북구 수유동,경상사고,0,0,1,0,차대차 - 기타,직진우회전진행방해,정보없음,맑음,교차로 - 교차로안,개인형이동수단(PM),여,18,상해없음,이륜,남,21,경상,EPSG:5181,201733.57774617,460724.97286635
2021062200100154,2021-06-22 10:00:00,화요일,서울특별시 마포구 연남동,중상사고,0,1,0,0,차대사람 - 보도통행중,신호위반,정보없음,맑음,교차로 - 교차로부근,개인형이동수단(PM),남,26,상해없음,보행자,여,42,중상,EPSG:5181,193444.24092189,451543.28872005
2021062300100026,2021-06-23 04:00:00,수요일,서울특별시 동작구 사당동,경상사고,0,0,1,1,차대사람 - 기타,안전운전불이행,정보없음,맑음,단일로 - 기타,개인형이동수단(PM),남,24,부상신고,보행자,남,24,경상,EPSG:5181,198030.0870521,442871.31307523
2021062300100429,2021-06-23 19:00:00,수요일,서울특별시 송파구 잠실동,경상사고,0,0,1,0,차대차 - 측면충돌,안전운전불이행,정보없음,맑음,교차로 - 교차로안,개인형이동수단(PM),남,28,경상,승용,남,53,상해없음,EPSG:5181,207676.88925275,445129.42468106
2021062400100060,2021-06-24 07:00:00,목요일,서울특별시 강남구 역삼동,경상사고,0,0,1,0,차대차 - 측면충돌,안전운전불이행,정보없음,맑음,기타 - 기타,개인형이동수단(PM),남,22,경상,승용,남,34,상해없음,EPSG:5181,202757.63423221,443492.65454501
2021062400100613,2021-06-24 22:00:00,목요일,서울특별시 강남구 신사동,경상사고,0,0,1,0,차대차 - 측면충돌,안전운전불이행,정보없음,맑음,단일로 - 기타,개인형이동수단(PM),남,41,경상,승합,남,47,상해없음,EPSG:5181,202352.3786731,446899.8406038
2021062500100292,2021-06-25 14:00:00,금요일,서울특별시 관악구 봉천동,중상사고,0,1,0,0,차대차 - 기타,안전운전불이행,정보없음,맑음,단일로 - 기타,개인형이동수단(PM),남,50,상해없음,이륜,남,41,중상,EPSG:5181,196778.27356647,441991.32736508
2021062600100545,2021-06-26 21:00:00,토요일,서울특별시 강북구 미아동,경상사고,0,0,1,0,차대차 - 기타,불법유턴,정보없음,맑음,교차로 - 교차로안,개인형이동수단(PM),남,29,경상,승용,남,41,상해없음,EPSG:5181,201637.08626636,457806.31464059
2021062600100576,2021-06-26 22:00:00,토요일,서울특별시 금천구 가산동,부상신고사고,0,0,0,1,차대차 - 기타,안전운전불이행,정보없음,맑음,단일로 - 기타,개인형이동수단(PM),여,31,부상신고,자전거,남,20,상해없음,EPSG:5181,189915.49780429,440700.41144878
2021062600100609,2021-06-26 23:00:00,토요일,서울특별시 성동구 용답동,경상사고,0,0,1,0,차대차 - 측면충돌,신호위반,정보없음,맑음,교차로 - 교차로안,개인형이동수단(PM),남,27,상해없음,승용,남,63,경상,EPSG:5181,205123.14397438,451476.37270038
2021062700100023,2021-06-27 01:00:00,일요일,서울특별시 용산구 이태원동,경상사고,0,0,1,0,차대사람 - 보도통행중,안전운전불이행,정보없음,맑음,기타 - 기타,개인형이동수단(PM),남,22,상해없음,보행자,여,26,경상,EPSG:5181,199585.54418221,448358.70854474
2021062700100198,2021-06-27 13:00:00,일요일,서울특별시 송파구 문정동,중상사고,0,1,0,0,차대차 - 기타,안전운전불이행,정보없음,맑음,단일로 - 기타,개인형이동수단(PM),여,27,중상,승용,남,37,상해없음,EPSG:5181,210934.51810868,443184.94466166
2021062700100471,2021-06-27 22:00:00,일요일,서울특별시 서초구 양재동,경상사고,0,0,1,0,차대차 - 기타,안전운전불이행,정보없음,흐림,기타 - 기타,개인형이동수단(PM),남,24,경상,승용,여,37,상해없음,EPSG:5181,203998.35636198,441941.63030635
2021062800100599,2021-06-28 21:00:00,월요일,서울특별시 강남구 역삼동,경상사고,0,0,1,0,차대사람 - 보도통행중,안전운전불이행,정보없음,맑음,기타 - 기타,개인형이동수단(PM),여,34,상해없음,보행자,여,48,경상,EPSG:5181,203208.31288207,443963.2325536
2021062900100634,2021-06-29 23:00:00,화요일,서울특별시 영등포구 대림동,중상사고,0,2,0,0,차대차 - 정면충돌,중앙선침범,정보없음,맑음,교차로 - 교차로부근,개인형이동수단(PM),남,39,중상,이륜,남,46,중상,EPSG:5181,191263.83960507,443746.72556005
2021063000100182,2021-06-30 11:00:00,수요일,서울특별시 동작구 노량진동,경상사고,0,0,1,0,차대사람 - 기타,안전운전불이행,정보없음,맑음,단일로 - 기타,개인형이동수단(PM),여,30,상해없음,보행자,남,31,경상,EPSG:5181,195102.67531605,445748.87915576
2021063000100470,2021-06-30 18:00:00,수요일,서울특별시 강남구 논현동,중상사고,0,1,0,0,차대사람 - 기타,안전운전불이행,정보없음,맑음,단일로 - 기타,개인형이동수단(PM),남,28,상해없음,보행자,여,29,중상,EPSG:5181,202529.10136892,446588.65730641
2021063000100575,2021-06-30 21:00:00,수요일,서울특별시 은평구 구산동,중상사고,0,1,0,0,차대차 - 측면충돌,신호위반,정보없음,맑음,교차로 - 교차로횡단보도내,개인형이동수단(PM),남,18,상해없음,승용,남,58,상해없음,EPSG:5181,192572.86454014,456625.596399
2021070100100602,2021-07-01 22:00:00,목요일,서울특별시 강서구 방화동,중상사고,0,1,0,0,차대차 - 측면충돌,안전운전불이행,정보없음,맑음,교차로 - 교차로횡단보도내,개인형이동수단(PM),남,31,상해없음,이륜,남,28,중상,EPSG:5181,183027.19015423,451377.82608401
2021070100100622,2021-07-01 23:00:00,목요일,서울특별시 송파구 방이동,부상신고사고,0,0,0,1,차량단독 - 전도전복 - 전도,안전운전불이행,정보없음,맑음,단일로 - 기타,개인형이동수단(PM),남,39,부상신고,,,,,EPSG:5181,210309.46751156,447101.19778376
2021070200100123,2021-07-02 09:00:00,금요일,서울특별시 강남구 삼성동,경상사고,0,0,1,0,차대차 - 측면충돌,중앙선침범,정보없음,맑음,단일로 - 기타,개인형이동수단(PM),남,27,기타불명,화물,남,58,경상,EPSG:5181,203906.92966032,445593.5849772
2021070200100289,2021-07-02 14:00:00,금요일,서울특별시 강남구 대치동,중상사고,0,1,0,1,차대차 - 기타,직진우회전진행방해,정보없음,맑음,교차로 - 교차로안,개인형이동수단(PM),남,26,부상신고,승용,여,61,중상,EPSG:5181,204984.94096001,444541.89506906
2021070200100711,2021-07-02 23:00:00,금요일,서울특별시 용산구 원효로4가,경상사고,0,0,1,0,차대차 - 정면충돌,안전운전불이행,정보없음,맑음,단일로 - 기타,개인형이동수단(PM),남,22,기타불명,승용,남,22,상해없음,EPSG:5181,195898.05369745,448182.04240108
2021070600100086,2021-07-06 08:00:00,화요일,서울특별시 광진구 중곡동,경상사고,0,0,1,0,차대사람 - 보도통행중,기타,정보없음,맑음,단일로 - 기타,개인형이동수단(PM),남,24,상해없음,보행자,남,27,경상,EPSG:5181,207039.24230609,452352.91123656
2021070600100197,2021-07-06 12:00:00,화요일,서울특별시 중구 을지로2가,경상사고,0,0,1,0,차대사람 - 보도통행중,기타,정보없음,맑음,단일로 - 기타,개인형이동수단(PM),여,33,상해없음,보행자,여,36,경상,EPSG:5181,198739.57024698,451865.57570302
2021070600100555,2021-07-06 22:00:00,화요일,서울특별시 강남구 역삼동,경상사고,0,0,1,0,차대사람 - 기타,기타,정보없음,맑음,기타 - 기타,개인형이동수단(PM),여,27,기타불명,보행자,여,32,경상,EPSG:5181,202748.62706307,444434.97708631
2021070600100584,2021-07-06 23:00:00,화요일,서울특별시 강서구 가양동,중상사고,0,1,0,0,차대차 - 측면충돌,안전운전불이행,정보없음,맑음,교차로 - 교차로안,개인형이동수단(PM),남,30,중상,화물,남,54,상해없음,EPSG:5181,186222.23885599,451969.03972573
2021070700100060,2021-07-07 07:00:00,수요일,서울특별시 마포구 공덕동,경상사고,0,0,1,0,차대사람 - 보도통행중,기타,정보없음,맑음,단일로 - 기타,개인형이동수단(PM),남,18,상해없음,보행자,남,42,경상,EPSG:5181,195951.45807902,449426.80631993
2021070900100485,2021-07-09 19:00:00,금요일,서울특별시 구로구 고척동,경상사고,0,0,1,0,차대차 - 기타,중앙선침범,정보없음,맑음,교차로 - 교차로안,개인형이동수단(PM),남,52,경상,승용,남,28,상해없음,EPSG:5181,187930.09189583,444591.34232523
2021071100100133,2021-07-11 13:00:00,일요일,서울특별시 강남구 역삼동,경상사고,0,0,1,0,차대사람 - 기타,기타,정보없음,기타,기타 - 기타,개인형이동수단(PM),남,19,상해없음,보행자,남,26,경상,EPSG:5181,202537.03863885,444341.81687229
2021071100100225,2021-07-11 16:00:00,일요일,서울특별시 송파구 잠실동,경상사고,0,0,1,0,차대차 - 기타,안전운전불이행,정보없음,맑음,기타 - 기타,개인형이동수단(PM),남,33,상해없음,자전거,여,50,경상,EPSG:5181,207488.05846278,445083.40345498
2021071100100368,2021-07-11 21:00:00,일요일,서울특별시 강남구 논현동,중상사고,0,1,0,0,차대차 - 기타,안전운전불이행,정보없음,맑음,단일로 - 기타,개인형이동수단(PM),여,43,중상,승용,남,49,상해없음,EPSG:5181,203751.61437424,446017.9272489
2021071300100581,2021-07-13 21:00:00,화요일,서울특별시 강동구 천호동,경상사고,0,0,1,0,차대사람 - 기타,안전운전불이행,정보없음,맑음,교차로 - 교차로안,개인형이동수단(PM),남,41,상해없음,보행자,남,56,경상,EPSG:5181,212334.81603697,449258.82951203
2021071400100169,2021-07-14 11:00:00,수요일,서울특별시 동작구 대방동,경상사고,0,0,1,0,차대차 - 측면충돌,안전운전불이행,정보없음,맑음,단일로 - 기타,개인형이동수단(PM),남,25,경상,승용,남,60,상해없음,EPSG:5181,193511.73518508,444492.94717463
2021071500100031,2021-07-15 05:00:00,목요일,서울특별시 노원구 하계동,중상사고,0,1,0,0,차대차 - 기타,교차로운행방법위반,정보없음,맑음,교차로 - 교차로안,개인형이동수단(PM),여,26,중상,승용,남,66,상해없음,EPSG:5181,206305.94953976,459679.91994685
2021071500100501,2021-07-15 19:00:00,목요일,서울특별시 송파구 방이동,부상신고사고,0,0,0,1,차대사람 - 기타,안전운전불이행,정보없음,맑음,교차로 - 교차로부근,개인형이동수단(PM),남,27,상해없음,보행자,남,38,부상신고,EPSG:5181,209710.10628808,445994.56988734
2021071600100176,2021-07-16 11:00:00,금요일,서울특별시 송파구 방이동,경상사고,0,0,1,0,차대차 - 기타,불법유턴,정보없음,맑음,교차로 - 교차로부근,개인형이동수단(PM),여,26,경상,승용,남,64,상해없음,EPSG:5181,209543.70954293,446056.71086789
2021071600100604,2021-07-16 21:00:00,금요일,서울특별시 노원구 공릉동,경상사고,0,0,1,0,차대사람 - 기타,안전운전불이행,정보없음,맑음,단일로 - 기타,개인형이동수단(PM),여,23,기타불명,보행자,여,37,경상,EPSG:5181,206740.27260781,458149.62520877
2021071700100371,2021-07-17 16:00:00,토요일,서울특별시 강남구 논현동,경상사고,0,0,1,0,차대차 - 기타,안전운전불이행,정보없음,맑음,단일로 - 기타,개인형이동수단(PM),남,27,상해없음,이륜,남,34,경상,EPSG:5181,203172.62821927,445407.61143876
2021071800100425,2021-07-18 22:00:00,일요일,서울특별시 양천구 신정동,경상사고,0,0,1,0,차대차 - 측면충돌,안전운전불이행,정보없음,비,기타 - 기타,개인형이동수단(PM),남,21,경상,승용,남,55,상해없음,EPSG:5181,188218.79795758,446361.54336112
2021072100100448,2021-07-21 17:00:00,수요일,서울특별시 송파구 오금동,경상사고,0,0,1,0,차대차 - 정면충돌,안전운전불이행,정보없음,맑음,교차로 - 교차로횡단보도내,개인형이동수단(PM),남,56,경상,승용,여,41,상해없음,EPSG:5181,211623.00998688,445592.56937101
2021072200100519,2021-07-22 19:00:00,목요일,서울특별시 강남구 대치동,경상사고,0,0,1,0,차대차 - 기타,신호위반,정보없음,맑음,교차로 - 교차로안,개인형이동수단(PM),남,27,상해없음,이륜,남,44,경상,EPSG:5181,205319.55204684,445204.9344768
2021072300100035,2021-07-23 05:00:00,금요일,서울특별시 영등포구 문래동1가,중상사고,0,1,0,0,차대차 - 측면충돌,안전거리미확보,정보없음,맑음,단일로 - 기타,개인형이동수단(PM),남,64,중상,승용,남,14,상해없음,EPSG:5181,191263.26328959,446114.62359224
2021072300100141,2021-07-23 10:00:00,금요일,서울특별시 송파구 방이동,경상사고,0,0,1,0,차대사람 - 보도통행중,안전운전불이행,정보없음,맑음,기타 - 기타,개인형이동수단(PM),여,58,상해없음,보행자,남,74,경상,EPSG:5181,211032.07050475,445536.40797358
2021072300100474,2021-07-23 18:00:00,금요일,서울특별시 노원구 상계동,경상사고,0,0,1,0,차대차 - 기타,안전운전불이행,정보없음,맑음,교차로 - 교차로부근,개인형이동수단(PM),남,27,경상,승용,남,51,상해없음,EPSG:5181,204899.16037361,463664.00203021
2021072400100317,2021-07-24 15:00:00,토요일,서울특별시 강남구 대치동,경상사고,0,0,1,0,차대차 - 기타,안전운전불이행,정보없음,맑음,기타 - 기타,개인형이동수단(PM),여,34,경상,이륜,남,35,상해없음,EPSG:5181,205126.87328487,444941.80701681
2021072600100233,2021-07-26 12:00:00,월요일,서울특별시 동대문구 회기동,경상사고,0,0,1,0,차대차 - 정면충돌,안전운전불이행,정보없음,맑음,단일로 - 기타,개인형이동수단(PM),여,22,경상,승용,남,59,상해없음,EPSG:5181,204873.34077361,454804.36027679
2021072600100601,2021-07-26 22:00:00,월요일,서울특별시 강북구 번동,경상사고,0,0,1,0,차대사람 - 길가장자리구역통행중,안전운전불이행,정보없음,맑음,단일로 - 기타,개인형이동수단(PM),남,21,상해없음,보행자,여,74,경상,EPSG:5181,203263.15076561,459228.53335278
2021072600100608,2021-07-26 22:00:00,월요일,서울특별시 노원구 하계동,부상신고사고,0,0,0,1,차대차 - 측면충돌,불법유턴,정보없음,맑음,교차로 - 교차로안,개인형이동수단(PM),남,20,부상신고,승용,남,45,상해없음,EPSG:5181,206387.11227807,460218.56622716
2021072600100626,2021-07-26 23:00:00,월요일,서울특별시 마포구 서교동,경상사고,0,0,1,0,차량단독 - 기타,안전운전불이행,정보없음,맑음,단일로 - 기타,개인형이동수단(PM),여,34,경상,,,,,EPSG:5181,192306.90258351,450772.94598147
2021072600100628,2021-07-26 23:00:00,월요일,서울특별시 강남구 대치동,경상사고,0,0,1,0,차대차 - 기타,안전운전불이행,정보없음,기타,교차로 - 교차로횡단보도내,개인형이동수단(PM),남,25,경상,승용,남,65,상해없음,EPSG:5181,205408.0898997,444357.06901946
2021072700100340,2021-07-27 15:00:00,화요일,서울특별시 강남구 도곡동,부상신고사고,0,0,0,1,차대차 - 기타,안전운전불이행,정보없음,맑음,단일로 - 기타,개인형이동수단(PM),남,48,부상신고,승용,남,49,상해없음,EPSG:5181,202929.10810093,443039.38672963
2021072800100081,2021-07-28 08:00:00,수요일,서울특별시 송파구 신천동,중상사고,0,1,0,0,차대사람 - 기타,기타,정보없음,맑음,단일로 - 기타,개인형이동수단(PM),남,41,상해없음,보행자,여,43,중상,EPSG:5181,209276.18486254,446135.32120789
2021072800100243,2021-07-28 13:00:00,수요일,서울특별시 동대문구 휘경동,중상사고,0,1,0,0,차대차 - 측면충돌,안전운전불이행,정보없음,맑음,단일로 - 기타,개인형이동수단(PM),남,36,상해없음,자전거,남,73,중상,EPSG:5181,205081.04607283,454499.34492186
2021072800100275,2021-07-28 14:00:00,수요일,서울특별시 관악구 신림동,경상사고,0,0,1,0,차대차 - 정면충돌,중앙선침범,정보없음,비,단일로 - 기타,개인형이동수단(PM),남,27,경상,승용,남,44,상해없음,EPSG:5181,193794.87085124,442792.79914764
2021072800100345,2021-07-28 16:00:00,수요일,서울특별시 중랑구 면목동,경상사고,0,0,1,0,차대차 - 정면충돌,안전운전불이행,정보없음,맑음,교차로 - 교차로안,개인형이동수단(PM),남,14,경상,승용,남,73,상해없음,EPSG:5181,208236.90626874,453445.71770479
2021072800100446,2021-07-28 18:00:00,수요일,서울특별시 송파구 방이동,중상사고,0,1,1,0,차대차 - 정면충돌,신호위반,정보없음,맑음,단일로 - 기타,개인형이동수단(PM),남,32,경상,자전거,여,54,중상,EPSG:5181,210588.19263375,445668.103196
2021072800100576,2021-07-28 22:00:00,수요일,서울특별시 관악구 신림동,경상사고,0,0,1,0,차대차 - 정면충돌,안전운전불이행,정보없음,맑음,교차로 - 교차로안,개인형이동수단(PM),남,22,경상,승용,남,52,상해없음,EPSG:5181,193462.55265276,443017.12085795
2021072900100022,2021-07-29 03:00:00,목요일,서울특별시 성동구 성수동2가,중상사고,0,1,0,0,차량단독 - 도로외이탈 - 추락,안전운전불이행,정보없음,맑음,단일로 - 기타,개인형이동수단(PM),남,44,중상,,,,,EPSG:5181,205480.97780957,449841.62818415
2021072900100066,2021-07-29 08:00:00,목요일,서울특별시 서초구 양재동,중상사고,0,1,0,0,차대사람 - 보도통행중,기타,정보없음,맑음,단일로 - 기타,개인형이동수단(PM),남,28,상해없음,보행자,여,51,중상,EPSG:5181,203728.49268081,442649.47690598
2021072900100247,2021-07-29 13:00:00,목요일,서울특별시 성동구 성수동2가,중상사고,0,1,0,0,차대차 - 측면충돌,안전운전불이행,정보없음,맑음,교차로 - 교차로횡단보도내,개인형이동수단(PM),여,25,중상,승용,남,42,상해없음,EPSG:5181,205881.0931476,449849.75852197
2021073000100098,2021-07-30 09:00:00,금요일,서울특별시 강남구 논현동,경상사고,0,0,1,0,차대사람 - 보도통행중,기타,정보없음,맑음,단일로 - 기타,개인형이동수단(PM),남,38,기타불명,보행자,여,30,경상,EPSG:5181,203847.56253293,445658.29515156
2021073000100240,2021-07-30 13:00:00,금요일,서울특별시 송파구 가락동,경상사고,0,0,1,0,차대차 - 기타,안전운전불이행,정보없음,맑음,기타 - 기타,개인형이동수단(PM),남,23,경상,승용,여,59,상해없음,EPSG:5181,209497.47264875,444026.65243997
2021073000100442,2021-07-30 18:00:00,금요일,서울특별시 강남구 논현동,경상사고,0,0,2,0,차대차 - 측면충돌,안전운전불이행,정보없음,맑음,교차로 - 교차로부근,개인형이동수단(PM),여,34,경상,이륜,남,30,경상,EPSG:5181,203737.31685952,446072.87295473
2021073100100041,2021-07-31 05:00:00,토요일,서울특별시 노원구 중계동,경상사고,0,0,1,0,차대차 - 측면충돌,신호위반,정보없음,맑음,교차로 - 교차로안,개인형이동수단(PM),남,18,경상,승용,남,61,상해없음,EPSG:5181,205804.067999,460183.4461172
2021073100100128,2021-07-31 11:00:00,토요일,서울특별시 강서구 화곡동,부상신고사고,0,0,0,1,차대차 - 측면충돌,직진우회전진행방해,정보없음,맑음,교차로 - 교차로안,개인형이동수단(PM),남,25,부상신고,승용,여,57,상해없음,EPSG:5181,186497.83003894,449620.62385561
2021073100100495,2021-07-31 21:00:00,토요일,서울특별시 강북구 번동,경상사고,0,0,1,0,차대사람 - 횡단중,중앙선침범,정보없음,맑음,단일로 - 기타,개인형이동수단(PM),남,17,상해없음,보행자,여,28,경상,EPSG:5181,202557.99596157,460144.13719053
2021080100100057,2021-08-01 09:00:00,일요일,서울특별시 동작구 사당동,중상사고,0,2,1,0,차대차 - 측면충돌,직진우회전진행방해,정보없음,맑음,교차로 - 교차로안,개인형이동수단(PM),남,20,중상,승용,남,62,경상,EPSG:5181,197400.79929381,442502.82966225
2021080100100285,2021-08-01 18:00:00,일요일,서울특별시 강서구 등촌동,부상신고사고,0,0,0,1,차대차 - 측면충돌,안전운전불이행,정보없음,흐림,단일로 - 기타,개인형이동수단(PM),남,52,부상신고,승용,남,28,상해없음,EPSG:5181,186685.32033119,451610.36802619
2021080300100459,2021-08-03 21:00:00,화요일,서울특별시 중랑구 망우동,부상신고사고,0,0,0,1,차대사람 - 횡단중,안전운전불이행,정보없음,맑음,단일로 - 기타,개인형이동수단(PM),남,41,부상신고,보행자,남,68,상해없음,EPSG:5181,208244.47534054,455406.54058535
2021080500100063,2021-08-05 08:00:00,목요일,서울특별시 강동구 성내동,경상사고,0,0,1,0,차대차 - 측면충돌,안전운전불이행,정보없음,맑음,기타 - 기타,개인형이동수단(PM),남,21,경상,승용,여,20,상해없음,EPSG:5181,211953.66967102,447752.19619032
2021080500100315,2021-08-05 15:00:00,목요일,서울특별시 용산구 효창동,중상사고,0,1,0,0,차대차 - 기타,안전운전불이행,정보없음,맑음,기타 - 기타,개인형이동수단(PM),남,53,중상,승용,남,48,기타불명,EPSG:5181,196565.79433103,449031.91950439
2021080500100486,2021-08-05 19:00:00,목요일,서울특별시 강서구 마곡동,경상사고,0,0,1,0,차대차 - 측면충돌,안전운전불이행,정보없음,맑음,단일로 - 기타,개인형이동수단(PM),기타불명,,기타불명,자전거,여,25,경상,EPSG:5181,185019.48838766,451085.31215096
2021080600100101,2021-08-06 09:00:00,금요일,서울특별시 마포구 염리동,중상사고,0,1,0,0,차대사람 - 기타,안전운전불이행,정보없음,맑음,단일로 - 기타,개인형이동수단(PM),여,29,상해없음,보행자,여,65,중상,EPSG:5181,195039.13280587,449798.09931369
2021080600100102,2021-08-06 09:00:00,금요일,서울특별시 동작구 상도동,경상사고,0,0,1,0,차대차 - 측면충돌,안전운전불이행,정보없음,맑음,교차로 - 교차로안,개인형이동수단(PM),남,24,상해없음,승용,여,36,경상,EPSG:5181,193803.21858182,444046.32392751
2021080600100398,2021-08-06 17:00:00,금요일,서울특별시 은평구 녹번동,중상사고,0,1,0,0,차대사람 - 보도통행중,기타,정보없음,맑음,단일로 - 기타,개인형이동수단(PM),남,77,상해없음,보행자,남,41,중상,EPSG:5181,193292.76096611,456133.24044509
2021080600100576,2021-08-06 21:00:00,금요일,서울특별시 강남구 논현동,경상사고,0,0,1,0,차대사람 - 보도통행중,기타,정보없음,맑음,기타 - 기타,개인형이동수단(PM),여,31,기타불명,보행자,여,24,경상,EPSG:5181,203066.26548001,446597.51460726
2021080600100598,2021-08-06 22:00:00,금요일,서울특별시 마포구 서교동,중상사고,0,1,0,0,차대사람 - 기타,안전운전불이행,정보없음,맑음,기타 - 기타,개인형이동수단(PM),여,27,상해없음,보행자,여,20,중상,EPSG:5181,192992.72490124,449915.26472643
2021080700100392,2021-08-07 18:00:00,토요일,서울특별시 강남구 역삼동,경상사고,0,0,1,0,차대차 - 측면충돌,직진우회전진행방해,정보없음,맑음,교차로 - 교차로안,개인형이동수단(PM),남,36,경상,승용,남,25,상해없음,EPSG:5181,203287.48314156,445255.16147602
2021080800100057,2021-08-08 08:00:00,일요일,서울특별시 강남구 역삼동,부상신고사고,0,0,0,1,차량단독 - 기타,기타,정보없음,맑음,기타 - 기타,개인형이동수단(PM),남,26,부상신고,,,,,EPSG:5181,203730.22418356,445148.47095234
2021080800100320,2021-08-08 19:00:00,일요일,서울특별시 금천구 독산동,경상사고,0,0,1,0,차대사람 - 보도통행중,기타,정보없음,비,기타 - 기타,개인형이동수단(PM),남,42,상해없음,보행자,남,25,경상,EPSG:5181,190895.56473957,441134.77726044
2021080900100012,2021-08-09 01:00:00,월요일,서울특별시 강남구 도곡동,경상사고,0,0,1,0,차대차 - 기타,안전운전불이행,정보없음,기타,기타 - 기타,개인형이동수단(PM),기타불명,,기타불명,승용,남,58,상해없음,EPSG:5181,203710.31768543,442869.46711565
2021080900100458,2021-08-09 18:00:00,월요일,서울특별시 동작구 사당동,경상사고,0,0,1,0,차대사람 - 기타,안전운전불이행,정보없음,맑음,단일로 - 기타,개인형이동수단(PM),남,37,상해없음,보행자,여,48,경상,EPSG:5181,197426.35868542,442776.07114658
2021081000100134,2021-08-10 11:00:00,화요일,서울특별시 서초구 우면동,중상사고,0,1,1,0,차대차 - 측면충돌,기타,정보없음,맑음,교차로 - 교차로횡단보도내,개인형이동수단(PM),남,26,중상,승용,여,33,경상,EPSG:5181,202554.20733399,441485.78616737
2021081200100169,2021-08-12 11:00:00,목요일,서울특별시 양천구 신정동,경상사고,0,0,1,0,차대차 - 기타,안전운전불이행,정보없음,맑음,단일로 - 기타,개인형이동수단(PM),남,28,경상,화물,남,24,상해없음,EPSG:5181,187978.20803295,447584.726321
2021081300100429,2021-08-13 18:00:00,금요일,서울특별시 강남구 역삼동,경상사고,0,0,1,0,차대사람 - 보도통행중,기타,정보없음,맑음,단일로 - 기타,개인형이동수단(PM),여,32,상해없음,보행자,여,29,경상,EPSG:5181,204110.80336842,444879.38611037
2021081400100042,2021-08-14 06:00:00,토요일,서울특별시 송파구 잠실동,중상사고,0,1,0,0,차대차 - 정면충돌,안전운전불이행,정보없음,맑음,단일로 - 기타,개인형이동수단(PM),남,24,상해없음,자전거,여,73,중상,EPSG:5181,208378.52538831,445815.42497623
2021081400100158,2021-08-14 12:00:00,토요일,서울특별시 송파구 석촌동,부상신고사고,0,0,0,1,차대차 - 측면충돌,안전운전불이행,정보없음,맑음,교차로 - 교차로안,개인형이동수단(PM),여,19,상해없음,자전거,여,61,부상신고,EPSG:5181,209310.02832804,444472.83568411
2021081400100477,2021-08-14 22:00:00,토요일,서울특별시 마포구 합정동,중상사고,0,1,0,0,차대사람 - 기타,신호위반,정보없음,맑음,단일로 - 기타,개인형이동수단(PM),남,22,상해없음,보행자,여,32,중상,EPSG:5181,192188.0946706,450352.15364553
2021081500100050,2021-08-15 07:00:00,일요일,서울특별시 동작구 사당동,부상신고사고,0,0,0,1,차대차 - 기타,안전운전불이행,정보없음,맑음,교차로 - 교차로안,개인형이동수단(PM),남,24,부상신고,승용,남,49,상해없음,EPSG:5181,198058.43753733,442242.2195483
2021081700100306,2021-08-17 15:00:00,화요일,서울특별시 도봉구 쌍문동,경상사고,0,0,1,0,차대사람 - 횡단중,신호위반,정보없음,맑음,교차로 - 교차로횡단보도내,개인형이동수단(PM),여,52,상해없음,보행자,여,62,경상,EPSG:5181,203484.87799889,461923.77635691
2021081800100115,2021-08-18 10:00:00,수요일,서울특별시 송파구 석촌동,중상사고,0,1,0,0,차대사람 - 보도통행중,안전운전불이행,정보없음,맑음,단일로 - 기타,개인형이동수단(PM),여,25,상해없음,보행자,여,58,중상,EPSG:5181,209300.70079408,444533.8105517
2021081800100214,2021-08-18 13:00:00,수요일,서울특별시 송파구 송파동,경상사고,0,0,1,0,차대사람 - 기타,안전운전불이행,정보없음,맑음,기타 - 기타,개인형이동수단(PM),남,26,상해없음,보행자,남,34,경상,EPSG:5181,209702.61591643,445333.26516725
2021081900100088,2021-08-19 09:00:00,목요일,서울특별시 동대문구 장안동,경상사고,0,0,1,0,차대사람 - 기타,기타,정보없음,맑음,단일로 - 기타,개인형이동수단(PM),남,59,상해없음,보행자,여,38,경상,EPSG:5181,206555.24414129,452504.39704462
2021082000100441,2021-08-20 18:00:00,금요일,서울특별시 서초구 서초동,경상사고,0,0,1,0,차대사람 - 보도통행중,기타,정보없음,맑음,단일로 - 기타,개인형이동수단(PM),여,21,상해없음,보행자,남,45,경상,EPSG:5181,201793.12732006,444835.05982537
2021082000100634,2021-08-20 23:00:00,금요일,서울특별시 노원구 상계동,경상사고,0,0,1,0,차대차 - 측면충돌,안전운전불이행,정보없음,비,단일로 - 기타,개인형이동수단(PM),남,18,상해없음,자전거,남,45,경상,EPSG:5181,205959.33437352,461458.77923435
2021082200100282,2021-08-22 18:00:00,일요일,서울특별시 서초구 반포동,경상사고,0,0,1,0,차대차 - 측면충돌,기타,정보없음,비,단일로 - 기타,개인형이동수단(PM),남,34,경상,승용,남,55,상해없음,EPSG:5181,199975.89717201,444556.30004868
2021082300100108,2021-08-23 10:00:00,월요일,서울특별시 노원구 상계동,중상사고,0,1,0,0,차대차 - 측면충돌,안전운전불이행,정보없음,맑음,단일로 - 기타,개인형이동수단(PM),남,32,중상,승용,남,40,상해없음,EPSG:5181,204891.98707086,463695.97643582
2021082500100036,2021-08-25 06:00:00,수요일,서울특별시 중랑구 상봉동,경상사고,0,0,1,0,차대사람 - 보도통행중,기타,정보없음,맑음,기타 - 기타,개인형이동수단(PM),남,36,상해없음,보행자,여,37,경상,EPSG:5181,207438.36943044,455178.15931009
2021082500100289,2021-08-25 15:00:00,수요일,서울특별시 동작구 흑석동,경상사고,0,0,1,0,차대차 - 측면충돌,불법유턴,정보없음,맑음,교차로 - 교차로부근,개인형이동수단(PM),남,25,경상,화물,남,73,상해없음,EPSG:5181,197412.89722968,445121.90805248
2021082700100480,2021-08-27 20:00:00,금요일,서울특별시 서대문구 충정로3가,경상사고,0,0,1,0,차대사람 - 보도통행중,기타,정보없음,맑음,단일로 - 기타,개인형이동수단(PM),남,20,상해없음,보행자,남,55,경상,EPSG:5181,196857.05898875,451448.40215936
2021082800100161,2021-08-28 12:00:00,토요일,서울특별시 서초구 서초동,중상사고,0,1,0,0,차량단독 - 기타,안전운전불이행,정보없음,맑음,교차로 - 교차로부근,개인형이동수단(PM),남,29,중상,,,,,EPSG:5181,200735.84806886,443114.77240724
2021082900100007,2021-08-29 01:00:00,일요일,서울특별시 노원구 상계동,부상신고사고,0,0,0,1,차대차 - 기타,안전운전불이행,정보없음,맑음,단일로 - 기타,개인형이동수단(PM),남,24,부상신고,승용,남,36,기타불명,EPSG:5181,205031.58201745,462844.38366051
2021083000100243,2021-08-30 14:00:00,월요일,서울특별시 광진구 자양동,경상사고,0,0,1,0,차대사람 - 횡단중,보행자보호의무위반,정보없음,맑음,교차로 - 교차로횡단보도내,개인형이동수단(PM),남,15,상해없음,보행자,남,65,경상,EPSG:5181,207312.36218508,447836.5661532
2021083000100244,2021-08-30 14:00:00,월요일,서울특별시 성동구 성수동2가,경상사고,0,0,1,0,차대차 - 측면충돌,안전운전불이행,정보없음,맑음,교차로 - 교차로부근,개인형이동수단(PM),여,22,경상,승용,여,53,상해없음,EPSG:5181,205472.00047894,449272.35499333
2021083100100057,2021-08-31 08:00:00,화요일,서울특별시 광진구 화양동,중상사고,0,1,0,0,차대사람 - 차도통행중,안전운전불이행,정보없음,비,단일로 - 기타,개인형이동수단(PM),남,31,상해없음,보행자,여,32,중상,EPSG:5181,206128.9551737,449329.86994283
2021090200100308,2021-09-02 16:00:00,목요일,서울특별시 송파구 잠실동,경상사고,0,0,1,0,차대차 - 기타,신호위반,정보없음,맑음,기타 - 기타,개인형이동수단(PM),남,29,경상,승용,남,61,상해없음,EPSG:5181,207651.6525275,445360.3826558
2021090200100442,2021-09-02 19:00:00,목요일,서울특별시 송파구 가락동,경상사고,0,0,1,0,차대차 - 기타,안전운전불이행,정보없음,맑음,교차로 - 교차로안,개인형이동수단(PM),남,16,상해없음,이륜,남,19,경상,EPSG:5181,211158.46137439,443589.29618806
2021090300100343,2021-09-03 17:00:00,금요일,서울특별시 송파구 송파동,부상신고사고,0,0,0,1,차대사람 - 기타,안전운전불이행,정보없음,맑음,단일로 - 기타,개인형이동수단(PM),남,51,상해없음,보행자,여,69,부상신고,EPSG:5181,209944.5274351,445744.71497515
2021090400100072,2021-09-04 09:00:00,토요일,서울특별시 동대문구 전농동,부상신고사고,0,0,0,1,차대차 - 측면충돌,직진우회전진행방해,정보없음,맑음,교차로 - 교차로안,개인형이동수단(PM),남,26,부상신고,승용,남,68,상해없음,EPSG:5181,204638.74037402,452832.33247152
2021090500100002,2021-09-05 01:00:00,일요일,서울특별시 광진구 자양동,경상사고,0,0,1,0,차대차 - 측면충돌,직진우회전진행방해,정보없음,맑음,교차로 - 교차로안,개인형이동수단(PM),여,27,경상,승용,남,63,상해없음,EPSG:5181,207017.3919214,447997.06249761
2021090700100560,2021-09-07 22:00:00,화요일,서울특별시 노원구 상계동,경상사고,0,0,1,0,차량단독 - 전도전복 - 전도,기타,정보없음,비,기타 - 기타,개인형이동수단(PM),남,22,경상,,,,,EPSG:5181,205818.41526677,462746.53898163
2021090800100199,2021-09-08 11:00:00,수요일,서울특별시 서초구 양재동,경상사고,0,0,1,0,차대사람 - 기타,안전운전불이행,정보없음,맑음,단일로 - 기타,개인형이동수단(PM),여,27,상해없음,보행자,남,29,경상,EPSG:5181,203356.96383275,442721.53303057
2021091000100147,2021-09-10 10:00:00,금요일,서울특별시 구로구 신도림동,중상사고,0,1,0,0,차대차 - 기타,안전운전불이행,정보없음,맑음,기타 - 기타,개인형이동수단(PM),여,43,상해없음,자전거,여,67,중상,EPSG:5181,188926.8194559,445843.10886954
2021091000100306,2021-09-10 15:00:00,금요일,서울특별시 강남구 역삼동,경상사고,0,0,1,0,차대사람 - 길가장자리구역통행중,신호위반,정보없음,맑음,단일로 - 기타,개인형이동수단(PM),여,22,상해없음,보행자,남,29,경상,EPSG:5181,202352.95806796,444719.98782154
2021091000100582,2021-09-10 21:00:00,금요일,서울특별시 서대문구 창천동,중상사고,0,1,0,0,차대사람 - 보도통행중,기타,정보없음,흐림,단일로 - 기타,개인형이동수단(PM),남,19,상해없음,보행자,여,29,중상,EPSG:5181,194666.93663003,450748.48584367
2021091000100618,2021-09-10 22:00:00,금요일,서울특별시 강남구 논현동,경상사고,0,0,1,0,차대차 - 기타,기타,정보없음,흐림,교차로 - 교차로횡단보도내,개인형이동수단(PM),여,39,경상,승용,남,50,상해없음,EPSG:5181,203085.80905041,445367.13437817
2021091100100010,2021-09-11 01:00:00,토요일,서울특별시 강남구 논현동,경상사고,0,0,2,0,차대차 - 측면충돌,신호위반,정보없음,맑음,교차로 - 교차로안,개인형이동수단(PM),여,32,상해없음,승용,남,19,경상,EPSG:5181,202469.3354217,445598.95107486
2021091100100088,2021-09-11 09:00:00,토요일,서울특별시 광진구 자양동,부상신고사고,0,0,0,1,차대차 - 측면충돌,안전운전불이행,정보없음,맑음,교차로 - 교차로부근,개인형이동수단(PM),여,18,부상신고,승용,남,66,상해없음,EPSG:5181,207300.78375085,447944.54760452
2021091100100372,2021-09-11 15:00:00,토요일,서울특별시 송파구 신천동,경상사고,0,0,1,0,차대사람 - 기타,안전운전불이행,정보없음,맑음,단일로 - 기타,개인형이동수단(PM),여,34,상해없음,보행자,여,6,경상,EPSG:5181,209332.72669088,446037.58245131
2021091400100444,2021-09-14 16:00:00,화요일,서울특별시 은평구 갈현동,경상사고,0,0,1,2,차대차 - 정면충돌,안전운전불이행,정보없음,맑음,단일로 - 기타,개인형이동수단(PM),남,14,부상신고,자전거,남,24,경상,EPSG:5181,192906.49398743,458597.12666446
2021091500100691,2021-09-15 21:00:00,수요일,서울특별시 관악구 봉천동,중상사고,0,1,0,0,차대차 - 기타,안전운전불이행,정보없음,맑음,교차로 - 교차로안,개인형이동수단(PM),남,9,상해없음,승용,여,37,상해없음,EPSG:5181,193602.6652126,443571.07691546
2021091700100519,2021-09-17 17:00:00,금요일,서울특별시 강남구 삼성동,경상사고,0,0,1,0,차대사람 - 보도통행중,기타,정보없음,맑음,기타 - 기타,개인형이동수단(PM),남,16,기타불명,보행자,남,56,경상,EPSG:5181,205293.49040852,445402.87440593
2021091800100032,2021-09-18 05:00:00,토요일,서울특별시 강남구 개포동,경상사고,0,0,1,0,차대차 - 측면충돌,신호위반,정보없음,맑음,교차로 - 교차로안,개인형이동수단(PM),여,19,경상,승용,남,43,상해없음,EPSG:5181,204119.98497699,441832.2327138
2021091800100332,2021-09-18 14:00:00,토요일,서울특별시 강남구 신사동,경상사고,0,0,1,0,차대사람 - 보도통행중,기타,정보없음,맑음,기타 - 기타,개인형이동수단(PM),남,24,상해없음,보행자,남,30,경상,EPSG:5181,201888.15720423,447095.4508573
2021091800100586,2021-09-18 20:00:00,토요일,서울특별시 송파구 오금동,부상신고사고,0,0,0,1,차량단독 - 전도전복 - 전도,안전운전불이행,정보없음,맑음,단일로 - 기타,개인형이동수단(PM),남,26,부상신고,,,,,EPSG:5181,211026.90703187,445190.24136915
2021091900100341,2021-09-19 18:00:00,일요일,서울특별시 마포구 합정동,부상신고사고,0,0,0,1,차대차 - 기타,안전운전불이행,정보없음,맑음,교차로 - 교차로횡단보도내,개인형이동수단(PM),남,25,상해없음,원동기,남,22,부상신고,EPSG:5181,192294.45133427,450104.62464992
2021091900100394,2021-09-19 20:00:00,일요일,서울특별시 송파구 오금동,경상사고,0,0,1,0,차량단독 - 기타,안전운전불이행,정보없음,기타,교차로 - 교차로안,개인형이동수단(PM),남,49,경상,,,,,EPSG:5181,211356.38393404,444748.81362982
2021092000100305,2021-09-20 17:00:00,월요일,서울특별시 성북구 성북동,경상사고,0,0,1,0,차대차 - 측면충돌,안전운전불이행,정보없음,맑음,교차로 - 교차로횡단보도내,개인형이동수단(PM),남,25,경상,승용,남,59,상해없음,EPSG:5181,199655.86508872,454884.62579667
2021092000100361,2021-09-20 19:00:00,월요일,서울특별시 송파구 가락동,경상사고,0,0,1,0,차대사람 - 보도통행중,안전운전불이행,정보없음,맑음,단일로 - 기타,개인형이동수단(PM),여,15,상해없음,보행자,여,25,경상,EPSG:5181,211175.40928586,443600.39063337
2021092200100174,2021-09-22 14:00:00,수요일,서울특별시 강남구 대치동,중상사고,0,1,0,0,차대사람 - 기타,안전운전불이행,정보없음,맑음,단일로 - 교량,개인형이동수단(PM),남,15,상해없음,보행자,여,73,중상,EPSG:5181,205800.21140807,443421.78059238
2021092300100174,2021-09-23 11:00:00,목요일,서울특별시 노원구 하계동,경상사고,0,0,1,0,차대사람 - 보도통행중,기타,정보없음,맑음,단일로 - 기타,개인형이동수단(PM),남,28,상해없음,보행자,여,48,경상,EPSG:5181,206556.05589074,459866.32631566
2021092300100494,2021-09-23 19:00:00,목요일,서울특별시 강남구 도곡동,경상사고,0,0,1,0,차대차 - 기타,안전운전불이행,정보없음,맑음,단일로 - 기타,개인형이동수단(PM),남,25,경상,승용,남,51,상해없음,EPSG:5181,204595.1335369,443158.27841245
2021092400100468,2021-09-24 19:00:00,금요일,서울특별시 강남구 신사동,부상신고사고,0,0,0,1,차대차 - 기타,안전운전불이행,정보없음,맑음,단일로 - 기타,개인형이동수단(PM),남,36,부상신고,이륜,남,39,상해없음,EPSG:5181,201809.09425647,446536.81176108
2021092500100419,2021-09-25 21:00:00,토요일,서울특별시 강서구 내발산동,경상사고,0,0,1,0,차대사람 - 보도통행중,기타,정보없음,맑음,단일로 - 기타,개인형이동수단(PM),남,22,상해없음,보행자,남,39,경상,EPSG:5181,186439.92962634,448092.74255403
2021092500100473,2021-09-25 23:00:00,토요일,서울특별시 중랑구 중화동,중상사고,0,1,0,0,차대사람 - 기타,안전운전불이행,정보없음,맑음,기타 - 기타,개인형이동수단(PM),남,20,상해없음,보행자,여,57,중상,EPSG:5181,206462.79086689,456153.35459004
2021092600100381,2021-09-26 22:00:00,일요일,서울특별시 마포구 동교동,경상사고,0,0,1,0,차대차 - 측면충돌,안전거리미확보,정보없음,흐림,단일로 - 기타,개인형이동수단(PM),남,28,경상,승용,여,62,상해없음,EPSG:5181,193922.07063248,450857.5669488
2021092700100257,2021-09-27 14:00:00,월요일,서울특별시 광진구 자양동,중상사고,0,1,0,0,차대차 - 측면충돌,안전운전불이행,정보없음,맑음,단일로 - 기타,개인형이동수단(PM),남,27,중상,승합,남,50,상해없음,EPSG:5181,207607.41340015,448037.21400148
2021092700100405,2021-09-27 18:00:00,월요일,서울특별시 송파구 마천동,경상사고,0,0,1,0,차대차 - 측면충돌,직진우회전진행방해,정보없음,맑음,교차로 - 교차로안,개인형이동수단(PM),여,60,경상,승용,남,58,상해없음,EPSG:5181,213828.78540621,443919.60775662
2021092800100385,2021-09-28 18:00:00,화요일,서울특별시 중랑구 상봉동,중상사고,0,1,0,0,차대차 - 기타,차로위반,정보없음,맑음,교차로 - 교차로부근,개인형이동수단(PM),여,25,중상,승용,남,52,상해없음,EPSG:5181,208222.77798269,454972.25177759
2021092900100525,2021-09-29 20:00:00,수요일,서울특별시 강남구 삼성동,경상사고,0,0,1,0,차대차 - 기타,중앙선침범,정보없음,비,단일로 - 기타,개인형이동수단(PM),남,29,경상,승용,남,57,상해없음,EPSG:5181,205138.72150623,445536.10507473
2021093000100057,2021-09-30 07:00:00,목요일,서울특별시 광진구 중곡동,경상사고,0,0,1,0,차대차 - 측면충돌,직진우회전진행방해,정보없음,맑음,교차로 - 교차로안,개인형이동수단(PM),남,18,경상,승용,남,25,상해없음,EPSG:5181,207574.76601532,451542.4368
2021100100100069,2021-10-01 08:00:00,금요일,서울특별시 노원구 상계동,경상사고,0,0,1,0,차대차 - 기타,안전운전불이행,정보없음,맑음,교차로 - 교차로안,개인형이동수단(PM),여,22,경상,승용,남,32,상해없음,EPSG:5181,204969.07927334,464059.53128556
2021100100100113,2021-10-01 09:00:00,금요일,서울특별시 서초구 방배동,경상사고,0,0,1,0,차대차 - 측면충돌,안전운전불이행,정보없음,맑음,단일로 - 기타,개인형이동수단(PM),여,25,경상,승용,남,57,상해없음,EPSG:5181,199665.3489583,443130.09510357
2021100100100116,2021-10-01 09:00:00,금요일,서울특별시 강남구 역삼동,중상사고,0,1,0,0,차대차 - 기타,안전운전불이행,정보없음,맑음,단일로 - 기타,개인형이동수단(PM),남,22,중상,승합,남,48,상해없음,EPSG:5181,204081.32141843,444403.041622
2021100100100547,2021-10-01 19:00:00,금요일,서울특별시 영등포구 당산동4가,경상사고,0,0,1,0,차대사람 - 횡단중,기타,정보없음,맑음,단일로 - 기타,개인형이동수단(PM),여,15,기타불명,보행자,여,56,경상,EPSG:5181,190887.72870582,448070.37211901
2021100200100111,2021-10-02 10:00:00,토요일,서울특별시 송파구 삼전동,경상사고,0,0,2,0,차대차 - 기타,신호위반,정보없음,맑음,교차로 - 교차로안,개인형이동수단(PM),여,39,경상,원동기,남,21,경상,EPSG:5181,207938.72474618,444991.76043063
2021100200100540,2021-10-02 20:00:00,토요일,서울특별시 종로구 숭인동,경상사고,0,0,1,0,차대차 - 기타,중앙선침범,정보없음,맑음,단일로 - 기타,개인형이동수단(PM),여,44,경상,승용,남,45,상해없음,EPSG:5181,202051.96038433,452599.48065265
2021100300100312,2021-10-03 17:00:00,일요일,서울특별시 마포구 신공덕동,경상사고,0,0,1,0,차대차 - 측면충돌,안전운전불이행,정보없음,맑음,단일로 - 기타,개인형이동수단(PM),남,34,상해없음,이륜,남,52,경상,EPSG:5181,196210.43388521,449638.26463207
2021100400100097,2021-10-04 10:00:00,월요일,서울특별시 강남구 역삼동,경상사고,0,0,1,0,차대차 - 기타,안전운전불이행,정보없음,맑음,단일로 - 기타,개인형이동수단(PM),남,24,상해없음,이륜,남,28,경상,EPSG:5181,203171.42158055,443940.02753404
2021100400100199,2021-10-04 14:00:00,월요일,서울특별시 서초구 서초동,경상사고,0,0,1,0,차대사람 - 보도통행중,기타,정보없음,맑음,단일로 - 기타,개인형이동수단(PM),남,15,상해없음,보행자,여,53,경상,EPSG:5181,202067.46092787,444792.50007305
2021100500100061,2021-10-05 08:00:00,화요일,서울특별시 중랑구 면목동,경상사고,0,0,1,0,차대차 - 측면충돌,안전운전불이행,정보없음,맑음,교차로 - 교차로안,개인형이동수단(PM),남,30,경상,승용,남,63,상해없음,EPSG:5181,208248.86280173,453454.78493416
2021100600100176,2021-10-06 11:00:00,수요일,서울특별시 중구 남대문로1가,경상사고,0,0,1,0,차대차 - 측면충돌,안전운전불이행,정보없음,비,교차로 - 교차로안,개인형이동수단(PM),남,18,상해없음,원동기,남,71,경상,EPSG:5181,198465.1198906,452118.21417105
2021100700100174,2021-10-07 11:00:00,목요일,서울특별시 동대문구 신설동,중상사고,0,1,0,0,차대사람 - 기타,안전운전불이행,정보없음,맑음,단일로 - 기타,개인형이동수단(PM),여,24,중상,보행자,남,52,상해없음,EPSG:5181,202076.96416634,452600.61409981
2021100800100113,2021-10-08 09:00:00,금요일,서울특별시 동작구 상도동,중상사고,0,1,0,0,차대차 - 측면충돌,불법유턴,정보없음,맑음,단일로 - 기타,개인형이동수단(PM),남,74,중상,승용,남,39,상해없음,EPSG:5181,196393.01033592,444273.16348928
2021100900100415,2021-10-09 19:00:00,토요일,서울특별시 중랑구 신내동,중상사고,0,1,0,0,차대사람 - 횡단중,신호위반,정보없음,맑음,교차로 - 교차로부근,개인형이동수단(PM),남,28,상해없음,보행자,남,49,중상,EPSG:5181,208414.4276128,456179.75388006
2021101100100408,2021-10-11 19:00:00,월요일,서울특별시 마포구 망원동,부상신고사고,0,0,0,1,차대사람 - 차도통행중,신호위반,정보없음,맑음,단일로 - 기타,개인형이동수단(PM),남,46,상해없음,보행자,여,63,부상신고,EPSG:5181,191878.34697422,450658.62357939
2021101200100120,2021-10-12 09:00:00,화요일,서울특별시 서초구 서초동,경상사고,0,0,1,0,차대사람 - 기타,보행자보호의무위반,정보없음,맑음,교차로 - 교차로안,개인형이동수단(PM),여,31,상해없음,보행자,여,43,경상,EPSG:5181,202305.44423504,444436.6242525
2021101400100087,2021-10-14 08:00:00,목요일,서울특별시 강북구 수유동,경상사고,0,0,1,0,차대차 - 기타,안전운전불이행,정보없음,맑음,단일로 - 기타,개인형이동수단(PM),남,28,경상,승용,남,65,상해없음,EPSG:5181,201880.01683957,460465.6513862
2021101400100471,2021-10-14 18:00:00,목요일,서울특별시 영등포구 대림동,중상사고,0,1,0,0,차대차 - 정면충돌,중앙선침범,정보없음,맑음,단일로 - 기타,개인형이동수단(PM),남,72,상해없음,승용,남,56,중상,EPSG:5181,190590.75541783,444279.35391344
2021101400100576,2021-10-14 20:00:00,목요일,서울특별시 송파구 삼전동,중상사고,0,1,0,0,차대차 - 측면충돌,안전운전불이행,정보없음,맑음,교차로 - 교차로횡단보도내,개인형이동수단(PM),남,50,중상,승용,남,45,상해없음,EPSG:5181,208176.49292819,444864.97262371
2021101500100365,2021-10-15 16:00:00,금요일,서울특별시 서초구 방배동,경상사고,0,0,1,0,차대차 - 측면충돌,중앙선침범,정보없음,맑음,단일로 - 기타,개인형이동수단(PM),남,63,상해없음,자전거,남,68,경상,EPSG:5181,198703.33948531,444191.40022415
2021101500100441,2021-10-15 18:00:00,금요일,서울특별시 송파구 문정동,중상사고,0,1,0,0,차대사람 - 보도통행중,기타,정보없음,맑음,교차로 - 교차로부근,개인형이동수단(PM),남,39,상해없음,보행자,남,38,중상,EPSG:5181,210649.05561954,443250.45546452
2021101600100045,2021-10-16 05:00:00,토요일,서울특별시 광진구 광장동,중상사고,0,1,1,0,차대차 - 정면충돌,신호위반,정보없음,맑음,교차로 - 교차로안,개인형이동수단(PM),남,27,중상,승용,남,59,경상,EPSG:5181,209221.2756278,449501.37633704
2021101600100155,2021-10-16 11:00:00,토요일,서울특별시 강남구 역삼동,부상신고사고,0,0,0,1,차대차 - 기타,안전운전불이행,정보없음,맑음,교차로 - 교차로안,개인형이동수단(PM),남,25,부상신고,승용,여,47,상해없음,EPSG:5181,202969.57893263,444272.08636817
2021101700100260,2021-10-17 17:00:00,일요일,서울특별시 동대문구 장안동,경상사고,0,0,1,0,차대차 - 기타,기타,정보없음,맑음,교차로 - 교차로안,개인형이동수단(PM),남,49,경상,승용,남,62,상해없음,EPSG:5181,205985.41720004,452429.33628189
2021102000100025,2021-10-20 06:00:00,수요일,서울특별시 송파구 마천동,중상사고,0,1,0,0,차대사람 - 기타,안전운전불이행,정보없음,맑음,기타 - 기타,개인형이동수단(PM),남,48,상해없음,보행자,여,70,중상,EPSG:5181,213837.27057555,443640.53976031
2021102000100057,2021-10-20 08:00:00,수요일,서울특별시 관악구 남현동,경상사고,0,0,1,0,차대차 - 측면충돌,신호위반,정보없음,맑음,교차로 - 교차로안,개인형이동수단(PM),남,68,경상,승용,여,44,상해없음,EPSG:5181,198018.25501377,441896.87230951
2021102000100433,2021-10-20 18:00:00,수요일,서울특별시 강북구 미아동,경상사고,0,0,1,0,차대차 - 정면충돌,중앙선침범,정보없음,맑음,단일로 - 기타,개인형이동수단(PM),남,14,상해없음,승용,여,42,경상,EPSG:5181,201098.09359101,458328.6489679
2021102100100332,2021-10-21 16:00:00,목요일,서울특별시 노원구 공릉동,경상사고,0,0,1,0,차대사람 - 차도통행중,안전운전불이행,정보없음,맑음,교차로 - 교차로안,개인형이동수단(PM),여,18,상해없음,보행자,남,2,경상,EPSG:5181,206600.40264301,458678.09036465
2021102100100553,2021-10-21 21:00:00,목요일,서울특별시 은평구 응암동,중상사고,0,1,0,0,차대사람 - 보도통행중,기타,정보없음,맑음,단일로 - 기타,개인형이동수단(PM),여,17,상해없음,보행자,여,59,중상,EPSG:5181,192453.88630778,454734.24053122
2021102200100028,2021-10-22 05:00:00,금요일,서울특별시 중구 장충동2가,경상사고,0,0,1,0,차대차 - 측면충돌,안전거리미확보,정보없음,맑음,단일로 - 기타,개인형이동수단(PM),남,60,기타불명,승용,남,66,상해없음,EPSG:5181,200253.1390064,451305.40696038
2021102200100577,2021-10-22 19:00:00,금요일,서울특별시 은평구 역촌동,경상사고,0,0,1,0,차대사람 - 보도통행중,신호위반,정보없음,맑음,교차로 - 교차로안,개인형이동수단(PM),여,18,상해없음,보행자,여,56,경상,EPSG:5181,192578.81810252,455883.34446546
2021102300100062,2021-10-23 08:00:00,토요일,서울특별시 중랑구 망우동,경상사고,0,0,1,0,차대사람 - 기타,안전운전불이행,정보없음,맑음,단일로 - 기타,개인형이동수단(PM),여,29,상해없음,보행자,여,56,경상,EPSG:5181,208270.15394306,454529.32710725
2021102300100328,2021-10-23 15:00:00,토요일,서울특별시 마포구 서교동,부상신고사고,0,0,0,1,차대차 - 측면충돌,안전운전불이행,정보없음,맑음,교차로 - 교차로안,개인형이동수단(PM),남,27,부상신고,승용,남,29,기타불명,EPSG:5181,192923.54098618,450697.19593716
2021102400100095,2021-10-24 10:00:00,일요일,서울특별시 강서구 가양동,중상사고,0,1,0,0,차대사람 - 보도통행중,기타,정보없음,맑음,단일로 - 기타,개인형이동수단(PM),남,31,상해없음,보행자,여,62,중상,EPSG:5181,188021.07840653,450998.24128444
2021102500100628,2021-10-25 22:00:00,월요일,서울특별시 동작구 신대방동,경상사고,0,0,1,0,차대사람 - 기타,안전운전불이행,정보없음,맑음,단일로 - 기타,개인형이동수단(PM),여,20,상해없음,보행자,남,30,경상,EPSG:5181,192008.82188886,443238.48744656
2021102500100648,2021-10-25 23:00:00,월요일,서울특별시 성동구 성수동2가,경상사고,0,0,1,0,차대차 - 기타,기타,정보없음,맑음,단일로 - 기타,개인형이동수단(PM),여,32,경상,승용,남,51,상해없음,EPSG:5181,205300.29388876,449392.48982112
2021102600100024,2021-10-26 05:00:00,화요일,서울특별시 은평구 진관동,중상사고,0,1,1,0,차대차 - 정면충돌,안전운전불이행,정보없음,맑음,단일로 - 기타,개인형이동수단(PM),남,22,중상,자전거,남,55,경상,EPSG:5181,192798.16274548,459214.78588849
2021102600100062,2021-10-26 08:00:00,화요일,서울특별시 성북구 동선동2가,경상사고,0,0,1,0,차대사람 - 차도통행중,안전운전불이행,정보없음,맑음,단일로 - 기타,개인형이동수단(PM),남,41,상해없음,보행자,여,24,경상,EPSG:5181,201801.36564735,453820.62648586
2021102600100270,2021-10-26 14:00:00,화요일,서울특별시 강서구 화곡동,중상사고,0,1,0,0,차대차 - 기타,안전운전불이행,정보없음,맑음,단일로 - 기타,개인형이동수단(PM),여,23,중상,승합,남,48,상해없음,EPSG:5181,185737.63956203,448662.2234868
2021102600100576,2021-10-26 22:00:00,화요일,서울특별시 구로구 구로동,중상사고,0,1,0,0,차대사람 - 기타,안전운전불이행,정보없음,맑음,교차로 - 교차로안,개인형이동수단(PM),여,14,상해없음,보행자,남,46,중상,EPSG:5181,190169.04020615,443818.93978937
2021102700100420,2021-10-27 18:00:00,수요일,서울특별시 동작구 사당동,중상사고,0,1,0,0,차대차 - 측면충돌,안전운전불이행,정보없음,맑음,교차로 - 교차로안,개인형이동수단(PM),남,29,중상,승용,남,49,상해없음,EPSG:5181,198383.41828589,441892.80890629
2021102800100223,2021-10-28 11:00:00,목요일,서울특별시 성동구 성수동2가,경상사고,0,0,1,0,차대사람 - 횡단중,안전운전불이행,정보없음,맑음,단일로 - 기타,개인형이동수단(PM),남,27,상해없음,보행자,여,37,경상,EPSG:5181,205241.14983791,449415.18440768
2021102800100596,2021-10-28 20:00:00,목요일,서울특별시 노원구 상계동,사망사고,1,0,0,0,차량단독 - 공작물충돌,안전운전불이행,정보없음,맑음,교차로 - 교차로부근,개인형이동수단(PM),남,17,사망,,,,,EPSG:5181,206749.93507817,463468.79139568
2021103000100394,2021-10-30 18:00:00,토요일,서울특별시 강남구 대치동,부상신고사고,0,0,0,1,차대차 - 기타,안전운전불이행,정보없음,맑음,기타 - 기타,개인형이동수단(PM),남,15,상해없음,자전거,남,12,부상신고,EPSG:5181,204998.7522519,444201.83392434
2021110100100001,2021-11-01 00:00:00,월요일,서울특별시 광진구 화양동,경상사고,0,0,1,0,차대사람 - 기타,안전운전불이행,정보없음,맑음,단일로 - 기타,개인형이동수단(PM),남,27,상해없음,보행자,남,26,경상,EPSG:5181,206064.48416969,449037.41121706
2021110100100248,2021-11-01 13:00:00,월요일,서울특별시 중랑구 면목동,부상신고사고,0,0,0,1,차대차 - 측면충돌,안전거리미확보,정보없음,맑음,단일로 - 기타,개인형이동수단(PM),남,55,부상신고,승합,남,39,상해없음,EPSG:5181,207187.00663247,453536.16807803
2021110300100442,2021-11-03 18:00:00,수요일,서울특별시 은평구 응암동,경상사고,0,0,1,0,차대사람 - 보도통행중,기타,정보없음,맑음,기타 - 기타,개인형이동수단(PM),남,69,상해없음,보행자,남,8,경상,EPSG:5181,193936.15127484,455730.51087831
2021110300100550,2021-11-03 20:00:00,수요일,서울특별시 서대문구 남가좌동,중상사고,0,1,0,0,차대사람 - 기타,기타,정보없음,맑음,단일로 - 기타,개인형이동수단(PM),남,28,상해없음,보행자,여,40,중상,EPSG:5181,192263.19939096,452218.26529521
2021110500100298,2021-11-05 14:00:00,금요일,서울특별시 강북구 수유동,중상사고,0,2,0,0,차대사람 - 횡단중,신호위반,정보없음,맑음,단일로 - 기타,개인형이동수단(PM),남,41,상해없음,보행자,여,60,중상,EPSG:5181,202653.25790002,460289.70192024
2021110600100351,2021-11-06 16:00:00,토요일,서울특별시 영등포구 대림동,경상사고,0,0,1,0,차대차 - 측면충돌,안전운전불이행,정보없음,맑음,교차로 - 교차로안,개인형이동수단(PM),여,55,경상,승용,여,50,기타불명,EPSG:5181,191087.31103737,443268.60638422
2021110700100461,2021-11-07 22:00:00,일요일,서울특별시 강동구 천호동,경상사고,0,0,1,0,차대차 - 기타,안전운전불이행,정보없음,맑음,교차로 - 교차로안,개인형이동수단(PM),남,45,경상,승용,여,36,상해없음,EPSG:5181,212730.79479477,449481.02411141
2021110800100061,2021-11-08 07:00:00,월요일,서울특별시 종로구 창신동,중상사고,0,1,0,1,차대사람 - 보도통행중,기타,정보없음,맑음,단일로 - 기타,개인형이동수단(PM),여,52,부상신고,보행자,여,60,중상,EPSG:5181,201053.03892352,452511.1325232
2021111100100281,2021-11-11 13:00:00,목요일,서울특별시 서초구 반포동,중상사고,0,1,0,0,차대차 - 측면충돌,신호위반,정보없음,맑음,단일로 - 기타,개인형이동수단(PM),남,33,중상,이륜,남,71,상해없음,EPSG:5181,198660.58159914,444519.30059014
2021111100100593,2021-11-11 21:00:00,목요일,서울특별시 관악구 봉천동,경상사고,0,0,2,0,차대사람 - 기타,안전운전불이행,정보없음,맑음,단일로 - 기타,개인형이동수단(PM),여,28,기타불명,보행자,여,25,경상,EPSG:5181,196577.96817825,442034.28077402
2021111100100643,2021-11-11 23:00:00,목요일,서울특별시 관악구 봉천동,중상사고,0,1,0,0,차대차 - 측면충돌,직진우회전진행방해,정보없음,기타,교차로 - 교차로안,개인형이동수단(PM),남,24,중상,승용,남,73,상해없음,EPSG:5181,195083.64307245,442175.40337485
2021111200100084,2021-11-12 08:00:00,금요일,서울특별시 종로구 연지동,부상신고사고,0,0,0,1,차대사람 - 횡단중,신호위반,정보없음,맑음,교차로 - 교차로안,개인형이동수단(PM),기타불명,,기타불명,보행자,남,9,부상신고,EPSG:5181,200169.90994037,452658.49249151
2021111300100472,2021-11-13 18:00:00,토요일,서울특별시 노원구 상계동,경상사고,0,0,1,0,차대사람 - 보도통행중,안전운전불이행,정보없음,맑음,교차로 - 교차로부근,개인형이동수단(PM),남,17,상해없음,보행자,남,63,경상,EPSG:5181,204585.41294211,464343.59796609
2021111300100610,2021-11-13 22:00:00,토요일,서울특별시 금천구 독산동,경상사고,0,0,2,0,차대차 - 정면충돌,중앙선침범,정보없음,맑음,단일로 - 기타,개인형이동수단(PM),남,29,경상,승용,남,58,경상,EPSG:5181,190936.22477828,440824.8752356
2021111400100018,2021-11-14 01:00:00,일요일,서울특별시 마포구 상수동,경상사고,0,0,1,0,차대사람 - 보도통행중,기타,정보없음,맑음,단일로 - 기타,개인형이동수단(PM),여,25,기타불명,보행자,남,32,경상,EPSG:5181,193369.55517314,449786.21872493
2021111400100053,2021-11-14 03:00:00,일요일,서울특별시 강남구 역삼동,부상신고사고,0,0,0,1,차량단독 - 기타,기타,정보없음,맑음,기타 - 기타,개인형이동수단(PM),남,31,부상신고,,,,,EPSG:5181,203619.6064501,444691.70348039
2021111400100108,2021-11-14 10:00:00,일요일,서울특별시 영등포구 여의도동,경상사고,0,0,1,0,차대사람 - 보도통행중,기타,정보없음,맑음,단일로 - 기타,개인형이동수단(PM),여,23,상해없음,보행자,여,65,경상,EPSG:5181,193322.21221661,446836.83792805
2021111500100087,2021-11-15 08:00:00,월요일,서울특별시 마포구 용강동,부상신고사고,0,0,0,1,차대사람 - 횡단중,보행자보호의무위반,정보없음,맑음,단일로 - 기타,개인형이동수단(PM),남,44,상해없음,보행자,여,74,부상신고,EPSG:5181,194762.52287208,449140.37592923
2021111600100101,2021-11-16 08:00:00,화요일,서울특별시 성동구 성수동2가,경상사고,0,0,1,0,차대사람 - 차도통행중,안전운전불이행,정보없음,맑음,단일로 - 기타,개인형이동수단(PM),여,19,상해없음,보행자,여,30,경상,EPSG:5181,205206.5838339,449330.9673316
2021111800100002,2021-11-18 00:00:00,목요일,서울특별시 강남구 논현동,중상사고,0,1,0,0,차대차 - 측면충돌,기타,정보없음,맑음,교차로 - 교차로안,개인형이동수단(PM),여,28,중상,승용,남,27,상해없음,EPSG:5181,202508.58897621,446683.58561723
2021111800100581,2021-11-18 22:00:00,목요일,서울특별시 동작구 사당동,부상신고사고,0,0,0,1,차량단독 - 기타,안전운전불이행,정보없음,맑음,기타 - 기타,개인형이동수단(PM),남,33,부상신고,,,,,EPSG:5181,198159.57443056,442788.96854022
2021111900100189,2021-11-19 11:00:00,금요일,서울특별시 영등포구 양평동3가,부상신고사고,0,0,0,1,차대차 - 측면충돌,안전운전불이행,정보없음,맑음,교차로 - 교차로부근,개인형이동수단(PM),남,30,부상신고,승용,남,45,상해없음,EPSG:5181,190487.44864182,447718.11106187
2021111900100669,2021-11-19 23:00:00,금요일,서울특별시 성동구 성수동2가,경상사고,0,0,1,0,차대사람 - 기타,신호위반,정보없음,맑음,단일로 - 기타,개인형이동수단(PM),기타불명,,기타불명,보행자,남,27,경상,EPSG:5181,205588.97437718,449285.9821827
2021112000100057,2021-11-20 04:00:00,토요일,서울특별시 중구 신당동,경상사고,0,0,1,0,차대차 - 측면충돌,중앙선침범,정보없음,맑음,단일로 - 기타,개인형이동수단(PM),남,39,경상,화물,남,38,상해없음,EPSG:5181,200428.41548919,450137.8830456
2021112000100316,2021-11-20 15:00:00,토요일,서울특별시 송파구 잠실동,중상사고,0,1,0,0,차대차 - 정면충돌,안전운전불이행,정보없음,맑음,단일로 - 기타,개인형이동수단(PM),남,29,상해없음,자전거,남,51,중상,EPSG:5181,208581.48602204,445273.28654242
2021112100100011,2021-11-21 01:00:00,일요일,서울특별시 송파구 삼전동,경상사고,0,0,1,0,차대차 - 기타,안전운전불이행,정보없음,기타,기타 - 기타,개인형이동수단(PM),남,34,경상,승용,남,21,기타불명,EPSG:5181,207747.37644384,444854.68956831
2021112200100029,2021-11-22 02:00:00,월요일,서울특별시 마포구 연남동,경상사고,0,0,1,0,차대차 - 기타,신호위반,정보없음,맑음,단일로 - 기타,개인형이동수단(PM),남,25,경상,화물,남,52,기타불명,EPSG:5181,192937.2955213,451308.50286476
2021112300100001,2021-11-23 00:00:00,화요일,서울특별시 동작구 사당동,부상신고사고,0,0,0,1,차량단독 - 기타,안전운전불이행,정보없음,맑음,단일로 - 기타,개인형이동수단(PM),남,28,부상신고,,,,,EPSG:5181,197495.50602655,442188.21054896
2021112400100161,2021-11-24 11:00:00,수요일,서울특별시 서대문구 창천동,부상신고사고,0,0,0,1,차대차 - 측면충돌,안전운전불이행,정보없음,맑음,교차로 - 교차로안,개인형이동수단(PM),남,22,부상신고,승용,여,37,상해없음,EPSG:5181,194259.461758,450996.41432413
2021112500100554,2021-11-25 19:00:00,목요일,서울특별시 강서구 마곡동,중상사고,0,1,0,0,차대차 - 정면충돌,안전운전불이행,정보없음,맑음,단일로 - 기타,개인형이동수단(PM),남,17,상해없음,자전거,여,66,중상,EPSG:5181,183812.05451349,452210.31027411
2021112600100019,2021-11-26 01:00:00,금요일,서울특별시 서대문구 북가좌동,경상사고,0,0,1,0,차대차 - 측면충돌,불법유턴,정보없음,맑음,교차로 - 교차로횡단보도내,개인형이동수단(PM),남,25,상해없음,승용,남,55,경상,EPSG:5181,191474.65322548,453016.37499728
2021112700100153,2021-11-27 11:00:00,토요일,서울특별시 은평구 녹번동,경상사고,0,0,2,1,차대차 - 측면충돌,안전운전불이행,정보없음,맑음,교차로 - 교차로부근,개인형이동수단(PM),남,42,부상신고,이륜,남,55,경상,EPSG:5181,193491.19990325,455877.19869069
2021112900100150,2021-11-29 09:00:00,월요일,서울특별시 송파구 잠실동,경상사고,0,0,1,0,차대차 - 기타,안전운전불이행,정보없음,기타,교차로 - 교차로부근,개인형이동수단(PM),여,27,경상,화물,남,45,상해없음,EPSG:5181,207559.8065766,445701.03050436
2021112900100478,2021-11-29 18:00:00,월요일,서울특별시 관악구 봉천동,경상사고,0,0,1,0,차대사람 - 횡단중,안전운전불이행,정보없음,맑음,교차로 - 교차로횡단보도내,개인형이동수단(PM),남,31,상해없음,보행자,여,29,경상,EPSG:5181,195859.05060507,442531.65660132
2021120100100512,2021-12-01 19:00:00,수요일,서울특별시 동작구 노량진동,경상사고,0,0,1,0,차대사람 - 보도통행중,안전운전불이행,정보없음,맑음,기타 - 기타,개인형이동수단(PM),남,25,상해없음,보행자,남,23,경상,EPSG:5181,194837.89106043,446065.5944022
2021120200100091,2021-12-02 08:00:00,목요일,서울특별시 중랑구 신내동,경상사고,0,0,1,0,차대차 - 측면충돌,신호위반,정보없음,맑음,교차로 - 교차로부근,개인형이동수단(PM),남,26,경상,승용,여,55,상해없음,EPSG:5181,208370.03605409,457376.99561997
2021120200100457,2021-12-02 18:00:00,목요일,서울특별시 서초구 방배동,경상사고,0,0,1,0,차대사람 - 보도통행중,안전운전불이행,정보없음,맑음,기타 - 기타,개인형이동수단(PM),여,22,상해없음,보행자,여,36,경상,EPSG:5181,198452.82495736,442951.58846089
2021120500100145,2021-12-05 12:00:00,일요일,서울특별시 마포구 서교동,경상사고,0,0,1,0,차대사람 - 횡단중,신호위반,정보없음,맑음,교차로 - 교차로안,개인형이동수단(PM),남,41,상해없음,보행자,여,27,경상,EPSG:5181,193298.41851508,450371.06443169
2021120500100288,2021-12-05 17:00:00,일요일,서울특별시 강북구 수유동,경상사고,0,0,1,0,차대차 - 기타,중앙선침범,정보없음,맑음,단일로 - 기타,개인형이동수단(PM),여,50,상해없음,이륜,남,29,경상,EPSG:5181,202183.61894948,460750.38071613
2021120700100390,2021-12-07 17:00:00,화요일,서울특별시 동작구 상도동,경상사고,0,0,1,0,차대차 - 기타,안전운전불이행,정보없음,맑음,단일로 - 기타,개인형이동수단(PM),여,34,경상,승용,남,51,상해없음,EPSG:5181,194961.84579572,444388.60795822
2021121000100017,2021-12-10 01:00:00,금요일,서울특별시 송파구 방이동,중상사고,0,1,0,0,차대차 - 측면충돌,안전운전불이행,정보없음,맑음,교차로 - 교차로안,개인형이동수단(PM),남,51,중상,승용,남,44,상해없음,EPSG:5181,209651.81261012,445857.20520622
2021121000100217,2021-12-10 12:00:00,금요일,서울특별시 동대문구 답십리동,부상신고사고,0,0,0,1,차대차 - 기타,직진우회전진행방해,정보없음,흐림,교차로 - 교차로안,개인형이동수단(PM),남,34,부상신고,승용,여,69,상해없음,EPSG:5181,204468.90734639,452600.33740349
2021121200100036,2021-12-12 02:00:00,일요일,서울특별시 강남구 역삼동,경상사고,0,0,1,0,차대차 - 측면충돌,안전운전불이행,정보없음,맑음,교차로 - 교차로횡단보도내,개인형이동수단(PM),남,27,경상,승용,남,32,상해없음,EPSG:5181,203555.34832831,445488.67617275
2021121200100199,2021-12-12 15:00:00,일요일,서울특별시 동작구 노량진동,경상사고,0,0,1,0,차대사람 - 횡단중,보행자보호의무위반,정보없음,맑음,교차로 - 교차로안,개인형이동수단(PM),남,14,상해없음,보행자,여,39,경상,EPSG:5181,194819.69890122,445159.14930147
2021121300100308,2021-12-13 14:00:00,월요일,서울특별시 용산구 한강로2가,경상사고,0,0,1,0,차대사람 - 보도통행중,기타,정보없음,맑음,기타 - 기타,개인형이동수단(PM),여,29,상해없음,보행자,여,58,경상,EPSG:5181,197045.40968214,447633.92803441
2021121300100435,2021-12-13 18:00:00,월요일,서울특별시 중구 쌍림동,부상신고사고,0,0,0,1,차대차 - 기타,안전운전불이행,정보없음,맑음,단일로 - 기타,개인형이동수단(PM),남,19,부상신고,이륜,남,25,기타불명,EPSG:5181,200397.89864908,451549.27202243
2021121500100413,2021-12-15 18:00:00,수요일,서울특별시 관악구 신림동,경상사고,0,0,1,0,차대사람 - 보도통행중,안전운전불이행,정보없음,맑음,기타 - 기타,개인형이동수단(PM),남,24,상해없음,보행자,남,29,경상,EPSG:5181,193616.02510418,442750.83362909
2021121600100274,2021-12-16 15:00:00,목요일,서울특별시 송파구 마천동,부상신고사고,0,0,0,1,차대차 - 측면충돌,신호위반,정보없음,맑음,교차로 - 교차로안,개인형이동수단(PM),남,68,부상신고,승용,남,74,상해없음,EPSG:5181,213084.83331032,444418.85941208
2021121600100377,2021-12-16 18:00:00,목요일,서울특별시 광진구 화양동,경상사고,0,0,1,0,차대차 - 정면충돌,안전운전불이행,정보없음,맑음,단일로 - 기타,개인형이동수단(PM),여,23,상해없음,자전거,남,42,경상,EPSG:5181,206246.63733645,449774.67204679
2021121800100002,2021-12-18 00:00:00,토요일,서울특별시 마포구 동교동,경상사고,0,0,2,0,차대사람 - 보도통행중,안전운전불이행,정보없음,맑음,기타 - 기타,개인형이동수단(PM),남,20,상해없음,보행자,여,25,경상,EPSG:5181,193261.20315821,450785.02501865
2021121900100295,2021-12-19 20:00:00,일요일,서울특별시 강북구 수유동,경상사고,0,0,2,0,차대사람 - 기타,신호위반,정보없음,맑음,교차로 - 교차로안,개인형이동수단(PM),남,21,상해없음,보행자,남,65,경상,EPSG:5181,201512.84314573,459720.40310026
2021121900100358,2021-12-19 23:00:00,일요일,서울특별시 송파구 잠실동,경상사고,0,0,1,0,차대차 - 기타,안전운전불이행,정보없음,맑음,교차로 - 교차로횡단보도내,개인형이동수단(PM),여,20,경상,승용,남,18,상해없음,EPSG:5181,209173.69114964,445467.50958809
2021122000100288,2021-12-20 15:00:00,월요일,서울특별시 영등포구 양평동5가,경상사고,0,0,1,0,차대차 - 측면충돌,직진우회전진행방해,정보없음,맑음,교차로 - 교차로안,개인형이동수단(PM),남,32,경상,승용,남,47,상해없음,EPSG:5181,190635.75372085,448988.38175709
2021122000100506,2021-12-20 19:00:00,월요일,서울특별시 구로구 오류동,경상사고,0,0,1,0,차대차 - 기타,안전운전불이행,정보없음,맑음,단일로 - 기타,개인형이동수단(PM),남,61,상해없음,이륜,남,40,경상,EPSG:5181,185238.83080614,443508.64474644
2021122100100273,2021-12-21 15:00:00,화요일,서울특별시 동작구 상도동,부상신고사고,0,0,0,1,차대차 - 측면충돌,안전운전불이행,정보없음,맑음,교차로 - 교차로부근,개인형이동수단(PM),남,17,부상신고,이륜,남,19,상해없음,EPSG:5181,196018.560354,443954.05196184
2021122200100347,2021-12-22 16:00:00,수요일,서울특별시 강서구 마곡동,중상사고,0,1,0,0,차량단독 - 기타,기타,정보없음,맑음,단일로 - 기타,개인형이동수단(PM),여,24,중상,,,,,EPSG:5181,184573.94994208,452283.39015167
2021122300100154,2021-12-23 11:00:00,목요일,서울특별시 강남구 역삼동,경상사고,0,0,1,0,차대차 - 기타,안전운전불이행,정보없음,맑음,교차로 - 교차로부근,개인형이동수단(PM),남,18,경상,승용,남,40,상해없음,EPSG:5181,204097.21173797,443859.91173913
2021122800100515,2021-12-28 22:00:00,화요일,서울특별시 종로구 종로1가,중상사고,0,1,0,0,차대차 - 기타,불법유턴,정보없음,맑음,교차로 - 교차로횡단보도내,개인형이동수단(PM),남,47,중상,승합,남,59,상해없음,EPSG:5181,197999.79775891,452332.8224699
2021122900100086,2021-12-29 09:00:00,수요일,서울특별시 중랑구 상봉동,부상신고사고,0,0,0,1,차대차 - 측면충돌,불법유턴,정보없음,맑음,교차로 - 교차로안,개인형이동수단(PM),남,24,부상신고,승용,남,31,상해없음,EPSG:5181,207293.73121796,455099.3581697
2021122900100089,2021-12-29 09:00:00,수요일,서울특별시 강남구 청담동,경상사고,0,0,1,0,차대차 - 기타,안전운전불이행,정보없음,맑음,교차로 - 교차로횡단보도내,개인형이동수단(PM),남,36,경상,승용,남,44,상해없음,EPSG:5181,204325.47183565,446840.30029671
2021123000100141,2021-12-30 11:00:00,목요일,서울특별시 양천구 신월동,중상사고,0,1,0,0,차대차 - 측면충돌,안전운전불이행,정보없음,맑음,단일로 - 기타,개인형이동수단(PM),남,62,중상,승용,남,67,상해없음,EPSG:5181,184868.76443644,448577.57359732
2021123000100240,2021-12-30 14:00:00,목요일,서울특별시 관악구 봉천동,경상사고,0,0,1,0,차대사람 - 보도통행중,안전운전불이행,정보없음,맑음,기타 - 기타,개인형이동수단(PM),남,26,상해없음,보행자,여,29,경상,EPSG:5181,196429.26180959,442156.53866882
